customerID,gender,SeniorCitizen,Partner,Dependents,tenure,PhoneService,MultipleLines,InternetService,OnlineSecurity,OnlineBackup,DeviceProtection,TechSupport,StreamingTV,StreamingMovies,Contract,PaperlessBilling,PaymentMethod,MonthlyCharges,TotalCharges,Churn
8270-TOKH,Male,0,No,Yes,64,No,No phone service,Fiber optic,Yes,No,No,No,Yes,No,Two year,Yes,Bank transfer (automatic),98.34,6294.12,No
6734-SWKK,Male,0,Yes,Yes,68,Yes,No,Fiber optic,Yes,No,No,No,No,No,One year,No,Electronic check,103.47,7033.7,No
9322-VUBX,female,0,Yes,Yes,62,Yes,No,DSL,Yes,No,Yes,No,No,Yes,Month-to-month,Yes,Electronic check,76.8,4764.42,No
7949-BUAL,Female,0,Yes,No,50,Yes,Yes,No,No internet service,No internet service,No internet service,No internet service,No internet service,No internet service,Two year,No,Mailed check,36.56,1829.95,No
4385-VLYQ,Male,0,No,Yes,12,No,No phone service,Fiber optic,No,No,No,Yes,Yes,No,One year,Yes,Electronic check,105.14,1256.87,No
9666-JPOO,Female,0,Yes,No,20,Yes,No,Fiber optic,Yes,No,No,Yes,No,No,Two year,Yes,Mailed check,107.98,2156.05,No
4005-SLWT,Female,0,Yes,No,15,Yes,Yes,Fiber optic,No,Yes,No,Yes,No,Yes,Month-to-month,Yes,Mailed check,118.89,1784.35,Yes
2528-CESG,Female,0,No,No,44,Yes,No,Fiber optic,No,No,No,No,Yes,No,Two year,Yes,Credit card (automatic),100.23,4408.52,Yes
6393-DYNR,Female,0,No,No,36,Yes,No,No,No internet service,No internet service,No internet service,No internet service,No internet service,No internet service,Month-to-month,Yes,Electronic check,31.57,1136.14,No
8513-UBTO,Female,0,Yes,Yes,63,Yes,No,Fiber optic,Yes,Yes,Yes,No,No,No,Month-to-month,Yes,Bank transfer (automatic),115.59,7283.25,No
8099-GLHO,Male,1,No,No,69,Yes,Yes,DSL,No,No,No,No,No,Yes,One year,No,Electronic check,72.48,5003.58,No
9226-NQDR,Female,0,No,No,29,Yes,Yes,DSL,Yes,No,No,No,Yes,Yes,One year,Yes,Bank transfer (automatic),89.86,2605.73,No
4943-DBFV,Female,0,Yes,No,37,Yes,No,No,No internet service,No internet service,No internet service,No internet service,No internet service,No internet service,Month-to-month,Yes,Mailed check,30.38,1124.33,No
4843-VRLB,Male,0,Yes,No,70,Yes,No,Fiber optic,No,No,Yes,No,Yes,Yes,One year,Yes,Credit card (automatic),110.47,7731.81,No
5297-DNPO,Male,0,Yes,No,20,No,No phone service,No,No internet service,No internet service,No internet service,No internet service,No internet service,No internet service,Month-to-month,Yes,Mailed check,20.52,410.33,Yes
8629-WYHU,male,0,Yes,Yes,57,Yes,Yes,DSL,Yes,No,No,Yes,No,No,Month-to-month,No,Mailed check,83.97,4787.59,No
7863-MROU,Female,1,No,No,16,Yes,No,DSL,No,No,Yes,No,No,Yes,Month-to-month,Yes,Electronic check,74.89,1198.85,Yes
5887-YMIO,Female,0,Yes,Yes,49,Yes,No,DSL,No,No,No,No,Yes,Yes,Two year,Yes,Electronic check,74.14,3631.3,No
1064-YGIX,Female,0,No,No,18,Yes,No,Fiber optic,Yes,Yes,No,No,No,Yes,Month-to-month,Yes,Mailed check,114.59,2061.65,Yes
3027-HXKS,Female,0,Yes,Yes,64,Yes,No,Fiber optic,No,No,No,No,No,No,Month-to-month,No,Credit card (automatic),103.6,6629.63,No
7736-HCCA,Female,0,Yes,No,41,No,No phone service,DSL,Yes,Yes,No,No,Yes,No,One year,Yes,Mailed check,70.65,2897.24,No
6892-JGIG,male,0,No,No,13,No,No phone service,Fiber optic,No,No,Yes,No,No,Yes,Month-to-month,No,Bank transfer (automatic),102.57,1332.44,Yes
9392-HLBA,Male,0,Yes,Yes,16,Yes,Yes,Fiber optic,Yes,No,No,No,No,Yes,Two year,Yes,Electronic check,111.83,1790.66,Yes
8215-WWXE,Male,0,Yes,No,36,Yes,Yes,DSL,No,Yes,Yes,Yes,Yes,No,Two year,No,Mailed check,87.12,3133.33,No
3731-HVCA,Male,0,Yes,Yes,70,Yes,Yes,Fiber optic,No,No,No,No,No,No,Two year,No,Electronic check,103.93,7277.59,No
9110-NCAE,Female,0,Yes,Yes,56,Yes,No,Fiber optic,No,Yes,Yes,Yes,No,No,Month-to-month,No,Electronic check,110.21,6172.65,Yes
8385-WNGI,Female,0,No,No,35,Yes,Yes,DSL,Yes,Yes,Yes,No,Yes,Yes,Month-to-month,Yes,Mailed check,97.07,3398.61,No
1206-OJMS,Male,0,Yes,No,24,Yes,No,DSL,No,No,No,No,Yes,No,One year,Yes,Bank transfer (automatic),68.77,1649.67,No
1863-GQTD,Female,0,No,No,40,Yes,Yes,DSL,Yes,Yes,No,Yes,No,Yes,Month-to-month,Yes,Mailed check,89.75,3591.32,No
2757-EWGM,Female,0,No,Yes,54,Yes,Yes,Fiber optic,Yes,No,No,No,No,No,Month-to-month,Yes,Bank transfer (automatic),99.04,5347.74,Yes
2678-KDMG,Male,0,Yes,No,57,Yes,No,No,No internet service,No internet service,No internet service,No internet service,No internet service,No internet service,Month-to-month,Yes,Bank transfer (automatic),31.88,1817.08,No
4157-BJMY,Male,0,Yes,No,23,Yes,Yes,Fiber optic,No,No,Yes,Yes,No,Yes,Month-to-month,No,Electronic check,117.03,2689.54,No
3693-LLTK,Male,0,No,No,52,Yes,Yes,DSL,Yes,Yes,Yes,Yes,Yes,Yes,Two year,Yes,Credit card (automatic),103.49,5379.39,No
2663-WYGA,Male,0,No,No,48,Yes,No,No,No internet service,No internet service,No internet service,No internet service,No internet service,No internet service,Two year,Yes,Electronic check,32.87,1577.17,No
2306-YTMI,Female,0,Yes,No,70,Yes,Yes,No,No internet service,No internet service,No internet service,No internet service,No internet service,No internet service,Month-to-month,No,Electronic check,37.02,2591.27,No
8526-FHIE,Male,0,No,No,67,Yes,Yes,Fiber optic,Yes,No,Yes,No,No,No,Month-to-month,Yes,Electronic check,106.48,7132.34,No
1663-OVXI,Male,0,Yes,No,57,Yes,Yes,No,No internet service,No internet service,No internet service,No internet service,No internet service,No internet service,Two year,No,Electronic check,36.56,2083.85,No
4763-QQTL,Female,0,No,No,52,Yes,No,Fiber optic,No,Yes,Yes,No,Yes,No,Month-to-month,No,Bank transfer (automatic),117.66,6117.69,No
4581-GBCQ,Female,0,Yes,No,20,Yes,No,Fiber optic,No,Yes,No,No,Yes,Yes,Two year,No,Credit card (automatic),112.21,2247.06,No
2636-QXQQ,Male,0,No,Yes,61,Yes,No,Fiber optic,No,No,Yes,Yes,No,No,Month-to-month,No,Electronic check,103.73,6326.83,No
5737-VWEA,male,0,No,No,31,Yes,Yes,Fiber optic,No,No,Yes,No,No,No,Two year,Yes,Electronic check,112.61,3490.06,No
7528-SBUL,Male,0,Yes,No,20,No,No phone service,DSL,Yes,Yes,No,Yes,No,Yes,One year,Yes,Electronic check,70.13,1402.56,Yes
6791-FWDW,Male,0,Yes,Yes,28,Yes,Yes,No,No internet service,No internet service,No internet service,No internet service,No internet service,No internet service,Month-to-month,Yes,Bank transfer (automatic),36.89,1032.74,No
1202-XQFX,Male,0,Yes,Yes,61,Yes,No,No,No internet service,No internet service,No internet service,No internet service,No internet service,No internet service,Month-to-month,Yes,Mailed check,32.56,1986.03,No
9004-TBFV,Female,0,No,No,11,Yes,No,Fiber optic,Yes,Yes,No,No,No,No,One year,Yes,Mailed check,108.5,1194.46,No
2930-PPAI,Male,0,Yes,Yes,33,Yes,Yes,DSL,Yes,Yes,No,No,No,No,Two year,No,Bank transfer (automatic),76.28,2517.28,Yes
5282-FPCT,Male,0,Yes,No,36,Yes,Yes,DSL,No,Yes,No,Yes,Yes,No,Month-to-month,Yes,Mailed check,82.21,2958.68,Yes
3811-DSCS,Female,0,No,No,2,Yes,No,DSL,Yes,No,Yes,No,No,No,One year,Yes,Credit card (automatic),72.91,146.14,No
3911-GTIA,Male,0,No,No,14,Yes,No,DSL,No,Yes,No,No,No,Yes,Month-to-month,No,Electronic check,77.35,1083.57,No
2959-GRHA,Male,0,No,Yes,60,No,No phone service,Fiber optic,Yes,Yes,No,Yes,No,No,Two year,Yes,Credit card (automatic),103.68,6218.53,No
2802-YYRW,Male,0,No,No,60,Yes,Yes,No,No internet service,No internet service,No internet service,No internet service,No internet service,No internet service,Two year,Yes,Electronic check,36.61,2196.09,No
6534-JCGP,Female,0,Yes,No,21,Yes,Yes,DSL,No,No,Yes,No,No,No,Month-to-month,Yes,Electronic check,76.23,1598.58,No
9815-YTQB,Male,0,No,No,63,Yes,Yes,DSL,No,Yes,Yes,No,No,Yes,Month-to-month,No,Bank transfer (automatic),82.75,5211.58,Yes
6423-LEEW,Female,0,Yes,No,56,Yes,Yes,Fiber optic,Yes,Yes,No,No,No,Yes,Month-to-month,No,Bank transfer (automatic),120.95,6779.31,No
8400-CSPP,Female,0,Yes,No,30,Yes,No,DSL,Yes,Yes,No,No,Yes,No,One year,No,Credit card (automatic),81.35,2442.0,No
2154-TXVX,Male,0,No,No,54,Yes,No,No,No internet service,No internet service,No internet service,No internet service,No internet service,No internet service,Month-to-month,Yes,Mailed check,31.78,1717.26,Yes
2648-HDFH,Female,0,No,No,70,Yes,No,DSL,No,No,Yes,Yes,Yes,No,Month-to-month,No,Credit card (automatic),79.51,5564.9,No
9445-CPYC,Male,0,Yes,No,33,Yes,Yes,DSL,No,Yes,Yes,No,No,No,Two year,Yes,Electronic check,78.97,2604.58,No
3200-RNRB,Male,0,No,No,17,Yes,Yes,DSL,No,No,Yes,Yes,No,Yes,Month-to-month,Yes,Electronic check,87.99,1497.23,Yes
3869-CPID,Female,1,Yes,Yes,68,Yes,Yes,DSL,Yes,No,Yes,No,Yes,No,One year,Yes,Electronic check,85.65,5824.42,No
9352-DANU,Female,0,Yes,No,44,Yes,Yes,Fiber optic,Yes,No,Yes,No,No,Yes,Month-to-month,Yes,Credit card (automatic),117.13,5156.43,No
5911-TXHG,Female,0,No,No,7,No,No phone service,DSL,Yes,No,No,Yes,Yes,Yes,Month-to-month,Yes,Bank transfer (automatic),72.09,503.78,Yes
2218-QAPL,Male,0,Yes,No,41,No,No phone service,Fiber optic,Yes,No,No,No,No,No,Month-to-month,No,Mailed check,95.36,3909.4,No
9050-VWVN,Male,0,Yes,No,36,Yes,No,Fiber optic,No,Yes,Yes,No,Yes,Yes,One year,Yes,Electronic check,120.17,4323.52,No
2693-FFMS,female,0,No,Yes,62,Yes,Yes,DSL,Yes,Yes,No,No,Yes,Yes,Month-to-month,Yes,Electronic check,88.42,5481.91,No
6895-BUAO,Male,0,No,Yes,38,Yes,Yes,DSL,No,Yes,No,No,Yes,No,Two year,Yes,Electronic check,78.74,2991.37,No
6600-EPSD,Male,0,Yes,Yes,18,No,No phone service,Fiber optic,No,Yes,Yes,No,Yes,No,Month-to-month,Yes,Mailed check,102.53,1846.79,Yes
5642-QQLN,Male,0,No,Yes,49,Yes,Yes,Fiber optic,No,Yes,Yes,No,Yes,No,Month-to-month,Yes,Bank transfer (automatic),113.39,5556.24,Yes
4444-FCIE,Male,1,No,No,39,Yes,Yes,No,No internet service,No internet service,No internet service,No internet service,No internet service,No internet service,Two year,No,Bank transfer (automatic),37.07,1447.46,No
3327-QNUC,female,0,No,Yes,17,Yes,No,DSL,No,No,Yes,No,No,No,Month-to-month,No,Credit card (automatic),65.06, ,No
1699-ATUW,Male,0,No,Yes,41,Yes,No,DSL,No,No,No,Yes,No,Yes,Month-to-month,No,Electronic check,71.16,2913.83,Yes
2184-CRYJ,Female,0,Yes,No,60,Yes,Yes,DSL,Yes,No,Yes,No,No,Yes,Month-to-month,No,Electronic check,83.47,5009.7,No
6854-VCHN,Male,0,Yes,No,2,Yes,No,Fiber optic,No,No,No,No,No,Yes,Two year,Yes,Mailed check,100.49, ,Yes
4863-ROVW,FEMALE,0,Yes,No,46,No,No phone service,Fiber optic,Yes,No,No,Yes,No,No,Two year,No,Bank transfer (automatic),99.81,4588.41,No
4009-JBQH,Male,0,No,No,25,Yes,Yes,No,No internet service,No internet service,No internet service,No internet service,No internet service,No internet service,Month-to-month,Yes,Mailed check,37.28,933.84,Yes
9096-IKVP,Male,0,No,No,21,Yes,Yes,Fiber optic,No,No,No,No,No,No,Month-to-month,Yes,Credit card (automatic),108.51,2282.4,Yes
8206-JWCR,Male,0,No,Yes,28,Yes,No,DSL,No,No,No,Yes,Yes,No,One year,Yes,Bank transfer (automatic),75.28,2105.31,No
9716-GYDM,Male,0,No,No,25,Yes,Yes,Fiber optic,Yes,Yes,Yes,No,Yes,Yes,Two year,Yes,Electronic check,128.82,3221.55,Yes
3368-HNPN,FEMALE,0,Yes,Yes,60,Yes,No,No,No internet service,No internet service,No internet service,No internet service,No internet service,No internet service,Month-to-month,Yes,Electronic check,30.84, ,No
7002-WOBB,Female,1,Yes,No,20,Yes,Yes,DSL,No,No,No,Yes,No,No,Two year,Yes,Bank transfer (automatic),71.52,1431.04,No
6919-WVSY,Female,0,Yes,No,53,Yes,No,Fiber optic,No,Yes,No,No,No,No,Month-to-month,Yes,Bank transfer (automatic),103.26,5467.94,Yes
4769-VVQT,Male,0,Yes,No,7,No,No phone service,No,No internet service,No internet service,No internet service,No internet service,No internet service,No internet service,Month-to-month,No,Electronic check,22.08,154.98,Yes
5777-FOVK,Male,0,Yes,No,69,Yes,No,Fiber optic,No,No,No,Yes,No,No,Month-to-month,Yes,Electronic check,104.16,7189.75,No
3491-EAHU,Male,0,Yes,No,45,Yes,No,Fiber optic,No,Yes,Yes,No,No,No,Month-to-month,Yes,Bank transfer (automatic),113.08,5092.82,No
6691-LLEG,Female,1,No,Yes,51,Yes,No,DSL,No,Yes,No,No,No,Yes,Month-to-month,No,Bank transfer (automatic),71.65, ,No
6315-FMTO,Female,0,No,No,21,Yes,No,Fiber optic,No,No,No,No,Yes,Yes,Two year,Yes,Electronic check,114.76,2411.27,Yes
7966-HTPM,Female,0,No,No,30,No,No phone service,DSL,No,No,Yes,No,No,No,Month-to-month,No,Mailed check,55.53,1665.94,Yes
5465-JSQX,Male,0,No,No,16,Yes,Yes,Fiber optic,Yes,No,Yes,Yes,Yes,No,Month-to-month,No,Electronic check,124.49,1990.88,Yes
1830-SWEU,Female,1,Yes,Yes,68,Yes,No,DSL,Yes,No,No,No,No,No,Month-to-month,Yes,Credit card (automatic),66.26,4503.89,No
6949-WILU,Male,0,No,No,35,Yes,No,No,No internet service,No internet service,No internet service,No internet service,No internet service,No internet service,Two year,Yes,Electronic check,32.72,1144.43,No
2664-AOBV,Female,0,No,No,46,Yes,Yes,No,No internet service,No internet service,No internet service,No internet service,No internet service,No internet service,Two year,Yes,Bank transfer (automatic),35.52,1633.23,No
1559-YHMU,Female,0,No,No,53,Yes,Yes,Fiber optic,No,No,No,Yes,Yes,No,Month-to-month,Yes,Mailed check,102.07,5407.58,No
4343-GEVW,Female,0,Yes,No,27,Yes,No,DSL,No,No,No,No,No,Yes,Month-to-month,Yes,Electronic check,70.44,1898.89,Yes
9130-LPSE,Female,0,Yes,No,52,Yes,No,DSL,No,No,No,No,No,No,Month-to-month,Yes,Mailed check,64.63,3359.55,Yes
8253-YNEO,MALE,1,Yes,No,49,Yes,Yes,Fiber optic,No,No,No,No,No,Yes,Month-to-month,Yes,Electronic check,112.42,5508.94,Yes
3141-NTEL,Female,0,No,No,51,Yes,No,Fiber optic,No,No,No,No,No,No,Month-to-month,Yes,Bank transfer (automatic),98.31,5016.34,No
7617-PUGD,Male,0,No,No,35,Yes,Yes,Fiber optic,No,No,No,No,No,No,Month-to-month,Yes,Mailed check,100.02,3499.99,Yes
8421-EWJV,Female,0,No,No,28,Yes,Yes,DSL,No,No,Yes,Yes,Yes,No,One year,No,Electronic check,83.38,2334.41,No
3849-TJSA,Male,0,Yes,No,16,Yes,No,Fiber optic,Yes,Yes,Yes,No,Yes,No,One year,Yes,Electronic check,130.86,2094.07,Yes
5611-PXPW,Female,0,No,Yes,60,Yes,Yes,Fiber optic,Yes,No,No,No,Yes,No,Month-to-month,No,Bank transfer (automatic),109.5, ,No
7303-TXLR,Female,1,No,Yes,44,Yes,No,Fiber optic,No,Yes,No,Yes,No,Yes,Month-to-month,Yes,Electronic check,115.1,5061.32,No
3427-AASK,Female,0,Yes,No,32,Yes,Yes,Fiber optic,No,No,No,No,No,No,One year,No,Mailed check,104.61,3348.69,No
6732-LCAA,Female,0,Yes,Yes,68,Yes,Yes,Fiber optic,No,Yes,No,No,No,No,One year,Yes,Electronic check,110.19,7492.3,No
4913-KLML,Female,0,No,No,3,Yes,Yes,DSL,Yes,Yes,No,No,No,No,Month-to-month,Yes,Credit card (automatic),81.4,246.51,No
6726-NBSR,Female,0,Yes,No,62,Yes,No,DSL,No,Yes,Yes,Yes,No,Yes,Two year,Yes,Mailed check,84.2,5220.77,No
3082-WQHJ,Female,0,No,No,72,Yes,Yes,Fiber optic,No,No,Yes,Yes,Yes,No,Month-to-month,Yes,Bank transfer (automatic),110.95,7987.69,No
1417-SIGD,Female,0,No,No,64,Yes,Yes,DSL,No,Yes,No,No,No,No,Month-to-month,Yes,Electronic check,75.47,4830.41,No
1825-URMK,Male,0,No,No,59,No,No phone service,Fiber optic,No,No,No,No,No,No,Month-to-month,Yes,Electronic check,87.95,5189.62,No
1412-XDYU,Female,0,No,Yes,27,Yes,Yes,Fiber optic,No,No,No,Yes,Yes,Yes,Two year,Yes,Electronic check,118.5,3196.67,Yes
8164-YDJE,Female,0,No,No,17,Yes,Yes,No,No internet service,No internet service,No internet service,No internet service,No internet service,No internet service,Month-to-month,Yes,Electronic check,37.57,637.94,Yes
3504-XCQC,Female,0,No,No,53,Yes,Yes,Fiber optic,No,Yes,Yes,Yes,Yes,Yes,Two year,Yes,Bank transfer (automatic),126.35,6696.49,No
5079-DRQG,Male,0,Yes,No,22,Yes,Yes,DSL,Yes,No,Yes,Yes,No,No,Month-to-month,Yes,Mailed check,83.14,1825.49,Yes
3143-XWEL,Male,1,Yes,No,13,Yes,No,DSL,Yes,Yes,No,No,Yes,Yes,Month-to-month,Yes,Mailed check,87.7,1141.48,Yes
4440-WMWY,Female,0,Yes,No,57,Yes,No,No,No internet service,No internet service,No internet service,No internet service,No internet service,No internet service,One year,No,Bank transfer (automatic),31.67,1805.04,No
3914-IQQT,Male,0,No,Yes,23,Yes,No,DSL,Yes,No,No,No,No,Yes,Month-to-month,Yes,Electronic check,73.52,1691.25,No
1728-VMSQ,Female,0,Yes,No,66,Yes,No,Fiber optic,No,No,Yes,No,No,Yes,Month-to-month,No,Electronic check,105.68,6977.33,No
1395-ISLI,Male,0,Yes,No,61,Yes,Yes,Fiber optic,No,No,No,Yes,No,No,Month-to-month,Yes,Credit card (automatic),110.38,6731.85,No
3502-NTSO,Male,0,Yes,Yes,61,Yes,Yes,DSL,No,Yes,Yes,No,Yes,Yes,Two year,Yes,Mailed check,89.37,5452.85,No
9335-UECL,Female,0,No,No,56,Yes,No,DSL,No,No,No,Yes,Yes,No,Month-to-month,Yes,Bank transfer (automatic),81.64,4571.18,No
8192-TUDU,Female,0,No,No,64,Yes,No,Fiber optic,No,No,No,Yes,No,No,Month-to-month,Yes,Electronic check,103.23,6608.47,No
2167-YGMU,Female,0,No,No,58,Yes,Yes,No,No internet service,No internet service,No internet service,No internet service,No internet service,No internet service,Month-to-month,No,Mailed check,35.79,2076.65,No
6161-GNEC,Female,0,No,Yes,44,Yes,No,DSL,No,Yes,No,No,No,No,One year,Yes,Electronic check,68.69,3021.92,No
6334-KKRO,Male,0,No,Yes,21,Yes,Yes,No,No internet service,No internet service,No internet service,No internet service,No internet service,No internet service,Month-to-month,No,Credit card (automatic),37.66,790.49,No
7731-IJLQ,Female,1,No,No,64,Yes,Yes,Fiber optic,Yes,Yes,Yes,No,No,No,Month-to-month,Yes,Bank transfer (automatic),115.6,7400.2,No
2542-NMHJ,Male,0,No,Yes,61,Yes,Yes,No,No internet service,No internet service,No internet service,No internet service,No internet service,No internet service,Month-to-month,Yes,Electronic check,36.98,2255.43,No
7938-BEEF,Female,0,No,No,34,No,No phone service,DSL,Yes,No,No,Yes,No,Yes,One year,Yes,Credit card (automatic),72.94,2477.61,No
2365-TQGY,Female,0,Yes,No,3,Yes,No,DSL,Yes,Yes,No,No,Yes,No,Month-to-month,Yes,Mailed check,83.39,252.02,Yes
2324-DDFS,Male,0,No,No,46,No,No phone service,No,No internet service,No internet service,No internet service,No internet service,No internet service,No internet service,Month-to-month,Yes,Bank transfer (automatic),21.48,987.89,No
7588-LVGJ,Female,0,Yes,No,3,Yes,No,No,No internet service,No internet service,No internet service,No internet service,No internet service,No internet service,One year,Yes,Electronic check,31.74,95.78,No
6977-SGCM,Female,0,Yes,No,67,Yes,No,Fiber optic,No,No,Yes,No,No,Yes,Two year,Yes,Electronic check,108.39,7259.68,No
5748-RTHI,Male,1,No,Yes,70,Yes,Yes,Fiber optic,No,No,Yes,No,Yes,No,Two year,No,Electronic check,118.37,8287.28,No
4072-CMYQ,Female,1,Yes,No,14,Yes,No,No,No internet service,No internet service,No internet service,No internet service,No internet service,No internet service,Month-to-month,Yes,Electronic check,30.9,433.08,Yes
8576-XAFU,MALE,0,Yes,No,49,Yes,Yes,DSL,Yes,Yes,Yes,No,No,Yes,One year,No,Bank transfer (automatic),91.08,4463.36,No
1133-LMMO,male,0,No,No,6,Yes,No,Fiber optic,Yes,No,No,No,Yes,No,Two year,Yes,Bank transfer (automatic),108.22,650.23,No
5175-VUKE,Female,1,Yes,No,53,No,No phone service,No,No internet service,No internet service,No internet service,No internet service,No internet service,No internet service,Month-to-month,Yes,Bank transfer (automatic),21.1,1118.06,No
7190-IQNO,Female,0,No,No,25,Yes,Yes,Fiber optic,No,No,No,Yes,Yes,No,Month-to-month,No,Credit card (automatic),117.95,2952.77,No
4486-AUVV,Female,1,No,No,49,Yes,Yes,DSL,No,No,No,No,Yes,Yes,Month-to-month,No,Electronic check,82.97,4064.16,No
4330-PWYK,Female,0,No,Yes,27,Yes,Yes,Fiber optic,Yes,Yes,No,Yes,Yes,Yes,Two year,Yes,Credit card (automatic),134.15,3623.99,No
2353-PHFL,Female,0,No,Yes,10,Yes,No,DSL,Yes,Yes,No,No,No,No,Month-to-month,Yes,Credit card (automatic),78.54,785.22,Yes
8575-UHDH,Female,0,No,No,29,Yes,No,DSL,No,Yes,No,Yes,No,No,Month-to-month,Yes,Mailed check,75.03,2177.64,No
3745-REID,Male,0,No,No,8,Yes,Yes,No,No internet service,No internet service,No internet service,No internet service,No internet service,No internet service,Month-to-month,No,Electronic check,37.62,300.4,No
4775-VQIA,Male,0,No,No,42,Yes,Yes,Fiber optic,No,No,No,No,Yes,No,Two year,Yes,Bank transfer (automatic),109.33,4590.37,No
7132-TMPM,Male,0,No,No,3,Yes,No,No,No internet service,No internet service,No internet service,No internet service,No internet service,No internet service,Month-to-month,No,Electronic check,31.09,93.46,Yes
2581-CFRS,Male,0,No,No,38,Yes,No,No,No internet service,No internet service,No internet service,No internet service,No internet service,No internet service,Two year,Yes,Credit card (automatic),30.7,1167.06,No
1255-EOYB,female,0,No,No,64,Yes,No,DSL,No,Yes,Yes,No,Yes,Yes,Two year,Yes,Electronic check,86.11,5509.88,No
1009-XRME,Male,0,Yes,No,61,No,No phone service,DSL,No,Yes,No,No,No,Yes,Month-to-month,No,Mailed check,65.29,3981.96,No
2015-AVAR,Male,0,Yes,Yes,64,Yes,Yes,DSL,No,No,Yes,Yes,No,Yes,One year,No,Mailed check,83.99,5372.54,No
9415-OQKU,Male,0,No,No,67,Yes,Yes,DSL,No,Yes,Yes,Yes,Yes,No,Month-to-month,Yes,Electronic check,89.72,6009.88,No
8449-YVQM,Female,0,Yes,No,7,No,No phone service,Fiber optic,Yes,No,No,No,No,No,Two year,No,Mailed check,100.08,703.26,No
5000-BICA,Female,0,Yes,Yes,9,Yes,No,Fiber optic,No,No,No,Yes,Yes,No,One year,No,Electronic check,99.28,890.62,No
1404-PWFQ,Female,1,No,No,40,Yes,Yes,Fiber optic,No,No,No,Yes,No,Yes,Two year,No,Mailed check,115.56,4621.45,No
6989-CUWE,Female,1,Yes,No,65,Yes,Yes,DSL,Yes,No,Yes,No,No,Yes,Month-to-month,No,Credit card (automatic),87.53,5689.12,No
4636-EJJS,Female,0,Yes,Yes,71,Yes,No,Fiber optic,No,No,Yes,Yes,No,No,Month-to-month,Yes,Electronic check,111.87,7941.4,No
8245-INAS,Female,0,No,No,3,Yes,No,Fiber optic,Yes,Yes,No,No,Yes,No,Month-to-month,No,Bank transfer (automatic),107.49, ,Yes
5780-MDAQ,male,0,No,No,26,Yes,Yes,Fiber optic,No,No,Yes,No,Yes,No,Month-to-month,No,Electronic check,111.83,2904.95,Yes
4419-HGBV,Female,1,Yes,Yes,15,Yes,No,DSL,No,No,No,No,No,Yes,Two year,Yes,Bank transfer (automatic),68.97, ,No
1770-RLAV,Female,0,No,No,55,Yes,No,Fiber optic,No,Yes,Yes,No,No,No,Month-to-month,Yes,Credit card (automatic),109.17,6003.32,No
9427-EYQP,Female,0,No,Yes,46,Yes,Yes,DSL,No,No,No,Yes,No,No,Month-to-month,Yes,Electronic check,71.61,3294.18,Yes
3814-OWOE,Female,0,Yes,No,8,No,No phone service,Fiber optic,No,Yes,No,Yes,Yes,Yes,Month-to-month,No,Credit card (automatic),109.51,875.64,Yes
7996-NBKS,Female,0,Yes,Yes,35,Yes,Yes,Fiber optic,Yes,No,No,Yes,Yes,Yes,Month-to-month,No,Mailed check,119.46,4182.65,No
7881-FRBR,Female,0,No,No,50,Yes,No,DSL,No,No,No,No,No,No,Month-to-month,Yes,Electronic check,64.11, ,No
7941-OSBT,Female,0,No,No,56,Yes,No,Fiber optic,No,No,No,No,No,Yes,Month-to-month,Yes,Credit card (automatic),108.38,6069.44,No
5261-AXOW,Male,1,No,Yes,1,Yes,No,DSL,No,Yes,Yes,Yes,No,No,Two year,Yes,Electronic check,82.53,83.04,No
4177-SQED,Female,1,No,No,65,No,No phone service,DSL,No,No,No,No,No,No,Month-to-month,Yes,Electronic check,55.37,3599.31,No
1137-XQJQ,Male,0,No,No,41,Yes,No,DSL,Yes,No,No,No,No,No,One year,Yes,Bank transfer (automatic),65.82,2697.28,No
4579-TXEB,Female,0,Yes,No,59,Yes,Yes,No,No internet service,No internet service,No internet service,No internet service,No internet service,No internet service,Month-to-month,Yes,Credit card (automatic),37.33,2202.87,No
8941-UBMK,Female,0,No,No,59,Yes,No,Fiber optic,No,No,No,Yes,No,No,One year,No,Bank transfer (automatic),104.6,6171.88,No
2906-OYWW,Male,0,Yes,No,14,Yes,Yes,No,No internet service,No internet service,No internet service,No internet service,No internet service,No internet service,Month-to-month,Yes,Electronic check,34.9,489.74,Yes
7238-KVPH,Female,0,No,Yes,8,Yes,No,Fiber optic,No,No,Yes,Yes,No,No,Two year,No,Credit card (automatic),109.4,874.94,No
9472-CCRS,Male,0,No,Yes,52,Yes,No,Fiber optic,Yes,Yes,No,Yes,Yes,Yes,One year,Yes,Bank transfer (automatic),118.7,6173.51,No
8570-UERJ,Female,0,Yes,No,11,No,No phone service,Fiber optic,No,No,Yes,No,Yes,Yes,Month-to-month,No,Credit card (automatic),97.08,1065.88,Yes
4900-VUFA,male,0,No,No,62,Yes,No,DSL,Yes,Yes,Yes,Yes,No,No,Month-to-month,Yes,Electronic check,81.63,5058.41,No
7376-LNBQ,Female,0,Yes,No,53,No,No phone service,DSL,No,No,Yes,No,Yes,No,Month-to-month,No,Bank transfer (automatic),58.52,3102.06,No
8240-YOYV,Male,0,Yes,No,61,Yes,No,DSL,Yes,No,No,Yes,No,Yes,Two year,Yes,Credit card (automatic),78.78,4805.83,No
7493-KPQD,Female,0,No,No,22,Yes,No,Fiber optic,No,No,Yes,No,Yes,No,One year,Yes,Mailed check,103.98,2290.28,Yes
2276-TOOX,Male,1,Yes,No,23,No,No phone service,DSL,Yes,No,No,Yes,No,No,Month-to-month,Yes,Credit card (automatic),68.42,1573.7,No
9717-WNXB,Female,1,No,No,49,No,No phone service,DSL,Yes,No,No,No,Yes,Yes,Month-to-month,Yes,Electronic check,68.92,3377.28,No
1364-NXSG,Female,1,Yes,Yes,2,Yes,Yes,DSL,No,No,No,Yes,No,No,Two year,No,Electronic check,72.84,145.71,No
6122-OWNK,Female,0,No,No,53,Yes,No,Fiber optic,Yes,Yes,No,No,No,No,Two year,Yes,Credit card (automatic),101.63,5389.3,No
6870-MRFC,Female,0,No,No,61,Yes,Yes,Fiber optic,No,Yes,No,No,No,Yes,One year,No,Credit card (automatic),111.29,6784.89,No
2906-OYWE,Female,0,No,No,30,Yes,No,No,No internet service,No internet service,No internet service,No internet service,No internet service,No internet service,Month-to-month,Yes,Electronic check,33.35,1001.34,Yes
9905-GYQG,male,1,No,Yes,55,Yes,Yes,DSL,No,No,Yes,No,No,Yes,Two year,No,Electronic check,84.64,4655.14,No
7229-LYQM,Male,0,No,No,12,Yes,Yes,DSL,No,No,Yes,No,No,No,One year,Yes,Bank transfer (automatic),73.91,887.29,No
7168-DJCI,male,0,Yes,No,23,Yes,No,Fiber optic,No,No,Yes,Yes,Yes,Yes,Month-to-month,Yes,Credit card (automatic),117.72,2706.03,Yes
7371-OVBO,Female,0,Yes,Yes,71,Yes,No,No,No internet service,No internet service,No internet service,No internet service,No internet service,No internet service,Month-to-month,Yes,Bank transfer (automatic),32.7,2321.5,No
8943-HQLS,Female,0,Yes,No,72,Yes,Yes,DSL,No,No,No,Yes,Yes,No,Two year,No,Bank transfer (automatic),76.92,5536.62,No
3472-EFTB,Male,0,Yes,No,37,Yes,No,Fiber optic,Yes,No,No,No,Yes,No,Month-to-month,Yes,Bank transfer (automatic),109.48,4052.59,No
1876-FEYA,Female,0,No,No,68,Yes,No,Fiber optic,Yes,Yes,No,No,No,No,Month-to-month,Yes,Electronic check,117.47,7987.45,No
2460-VUFF,Female,0,Yes,No,38,Yes,No,DSL,No,Yes,No,Yes,Yes,No,Two year,Yes,Credit card (automatic),82.3,3129.86,No
6622-PDKX,Female,0,No,No,21,Yes,No,DSL,No,No,Yes,Yes,Yes,Yes,One year,Yes,Mailed check,87.2,1830.78,No
9434-HEDX,Male,1,No,Yes,19,Yes,No,DSL,Yes,No,No,No,No,Yes,Two year,Yes,Bank transfer (automatic),79.03,1499.86,No
6342-FBTK,Male,0,Yes,Yes,67,No,No phone service,No,No internet service,No internet service,No internet service,No internet service,No internet service,No internet service,Month-to-month,Yes,Mailed check,22.9,1534.19,No
9195-OFVQ,Female,0,No,No,12,No,No phone service,Fiber optic,No,Yes,No,No,No,Yes,Two year,No,Mailed check,96.99,1162.63,Yes
3551-FSYB,Female,0,Yes,No,42,No,No phone service,Fiber optic,No,Yes,Yes,Yes,No,No,Month-to-month,No,Bank transfer (automatic),98.28,4131.02,Yes
1846-KHSM,male,1,No,Yes,40,Yes,No,Fiber optic,Yes,No,No,No,Yes,No,One year,No,Credit card (automatic),107.47,4300.47,No
7469-VDST,Female,0,Yes,No,54,Yes,Yes,Fiber optic,No,No,No,No,Yes,Yes,Month-to-month,Yes,Bank transfer (automatic),109.12,5895.59,No
1224-TQLO,Female,1,No,No,36,Yes,No,Fiber optic,Yes,No,Yes,No,Yes,No,Month-to-month,Yes,Credit card (automatic),111.87,4028.07,Yes
3048-NFEK,Female,0,No,No,20,Yes,No,DSL,No,No,No,No,Yes,No,Month-to-month,No,Electronic check,67.39,1350.73,Yes
7988-KCAF,Female,1,Yes,Yes,12,Yes,No,DSL,No,No,No,No,Yes,No,One year,Yes,Credit card (automatic),68.83,825.57,Yes
1009-EWJL,Male,1,Yes,No,45,Yes,Yes,DSL,Yes,Yes,No,No,Yes,No,Month-to-month,Yes,Electronic check,80.54,3622.79,No
8041-MHBT,Male,0,No,Yes,52,Yes,Yes,Fiber optic,No,No,No,No,Yes,No,Month-to-month,No,Electronic check,105.23,5471.22,No
9512-EIQI,Female,0,Yes,No,41,Yes,No,DSL,Yes,Yes,No,No,Yes,Yes,Month-to-month,Yes,Electronic check,86.22,3536.75,No
2994-OXFW,Male,0,No,No,53,Yes,Yes,Fiber optic,No,No,No,Yes,No,Yes,Month-to-month,Yes,Bank transfer (automatic),115.63,6128.79,No
4490-QELR,Male,0,No,No,10,Yes,No,DSL,Yes,No,No,Yes,Yes,No,One year,Yes,Credit card (automatic),81.32,813.0,No
2908-XKIB,Male,0,Yes,Yes,64,Yes,Yes,No,No internet service,No internet service,No internet service,No internet service,No internet service,No internet service,Two year,Yes,Bank transfer (automatic),36.62,2343.34,No
3635-CCAH,Male,0,No,Yes,42,Yes,Yes,DSL,Yes,Yes,No,Yes,Yes,No,Month-to-month,Yes,Electronic check,90.37,3793.78,Yes
4391-VHKI,Male,0,No,No,9,Yes,Yes,DSL,No,No,No,No,No,No,One year,Yes,Electronic check,75.83,683.75,No
7413-CUEE,Male,0,No,No,33,Yes,No,No,No internet service,No internet service,No internet service,No internet service,No internet service,No internet service,Two year,Yes,Mailed check,31.28,1031.75,No
3898-NDYM,male,0,No,No,61,Yes,Yes,Fiber optic,Yes,No,No,No,No,No,One year,No,Electronic check,114.42,6974.41,No
2065-YRHH,Male,0,Yes,No,65,No,No phone service,No,No internet service,No internet service,No internet service,No internet service,No internet service,No internet service,One year,Yes,Mailed check,20.56,1335.36,No
7943-SFAW,Female,0,Yes,No,19,Yes,No,DSL,No,Yes,Yes,No,Yes,Yes,Month-to-month,No,Bank transfer (automatic),79.87,1517.84,Yes
5670-OAYQ,Female,0,No,No,52,Yes,No,DSL,No,Yes,No,Yes,Yes,Yes,Month-to-month,Yes,Credit card (automatic),84.56,4397.76,No
2248-OWBN,Female,0,No,Yes,7,Yes,No,Fiber optic,No,Yes,No,Yes,No,No,Month-to-month,No,Mailed check,107.85,757.18,Yes
4687-HSGS,Male,0,Yes,Yes,2,Yes,No,No,No internet service,No internet service,No internet service,No internet service,No internet service,No internet service,Month-to-month,No,Electronic check,30.87,61.47,Yes
9389-FCGS,Male,1,No,Yes,41,Yes,Yes,DSL,Yes,No,No,No,No,No,Two year,No,Credit card (automatic),74.01,3035.33,No
9135-JTOO,Female,0,Yes,No,50,Yes,Yes,No,No internet service,No internet service,No internet service,No internet service,No internet service,No internet service,Month-to-month,No,Bank transfer (automatic),37.4,1870.5,No
6788-ATGD,Female,0,Yes,No,58,Yes,Yes,Fiber optic,No,No,Yes,Yes,No,No,Month-to-month,Yes,Credit card (automatic),109.1,6332.67,No
3204-FYAE,Female,0,No,No,25,No,No phone service,No,No internet service,No internet service,No internet service,No internet service,No internet service,No internet service,Two year,Yes,Electronic check,23.02,575.36,Yes
1950-ADVB,Male,0,Yes,Yes,0,Yes,No,Fiber optic,No,No,No,No,No,Yes,Month-to-month,Yes,Mailed check,107.5,,Yes
5612-JAVF,Female,1,No,Yes,35,Yes,No,DSL,No,Yes,Yes,No,No,Yes,Two year,Yes,Credit card (automatic),83.74, ,No
7028-ODMX,Male,1,Yes,Yes,1,Yes,No,No,No internet service,No internet service,No internet service,No internet service,No internet service,No internet service,One year,Yes,Electronic check,31.09,31.09,Yes
8863-OHEO,Male,0,No,No,6,Yes,Yes,No,No internet service,No internet service,No internet service,No internet service,No internet service,No internet service,Month-to-month,Yes,Bank transfer (automatic),36.22,216.44,Yes
3371-LMBS,Female,0,Yes,No,24,Yes,No,Fiber optic,Yes,No,No,No,Yes,Yes,One year,Yes,Electronic check,112.31,2696.1,No
7898-DDKE,Female,0,No,No,32,Yes,Yes,DSL,Yes,No,No,No,Yes,Yes,One year,No,Mailed check,84.18,2692.21,Yes
6779-KJHF,Male,0,No,Yes,20,Yes,No,DSL,No,Yes,No,No,No,No,Month-to-month,No,Credit card (automatic),69.02,1378.03,Yes
7166-ONKL,Male,1,Yes,Yes,42,Yes,Yes,Fiber optic,Yes,No,No,Yes,No,No,Month-to-month,Yes,Mailed check,116.02,4877.22,No
8783-RYAO,Female,0,No,Yes,4,Yes,No,DSL,Yes,No,No,No,No,Yes,Month-to-month,Yes,Credit card (automatic),76.84,306.8,Yes
1827-KLLD,Male,0,Yes,Yes,10,Yes,No,Fiber optic,Yes,No,No,No,Yes,No,One year,No,Mailed check,104.5,1044.56,No
4876-HJQI,Male,0,Yes,No,50,Yes,Yes,DSL,Yes,Yes,No,No,Yes,Yes,Month-to-month,Yes,Credit card (automatic),86.58,4329.73,No
6109-SNHI,Male,1,No,Yes,10,Yes,Yes,Fiber optic,No,No,No,Yes,No,No,One year,Yes,Mailed check,103.04,1030.22,No
4797-KWAN,Female,0,Yes,No,46,No,No phone service,DSL,No,Yes,No,No,Yes,No,Month-to-month,Yes,Electronic check,62.36,2869.99,Yes
6732-UNDV,Male,0,No,No,4,Yes,Yes,Fiber optic,No,No,Yes,Yes,Yes,No,Month-to-month,Yes,Mailed check,121.38,487.17,No
4030-YAVW,Female,0,No,No,29,Yes,Yes,Fiber optic,Yes,No,No,No,Yes,No,Month-to-month,Yes,Bank transfer (automatic),113.57,3296.28,No
7514-HOUO,Female,0,No,No,13,Yes,Yes,Fiber optic,No,Yes,No,No,No,No,Month-to-month,No,Credit card (automatic),111.7,1453.27,Yes
8112-UIJT,Female,0,Yes,No,8,Yes,No,Fiber optic,Yes,No,No,Yes,No,Yes,Month-to-month,Yes,Mailed check,106.2,851.1,Yes
7456-UICT,FEMALE,1,Yes,Yes,41,No,No phone service,DSL,No,No,No,Yes,No,Yes,Month-to-month,Yes,Bank transfer (automatic),65.82,2697.95,No
1536-KFBG,Male,0,Yes,No,67,Yes,Yes,Fiber optic,No,No,No,Yes,No,Yes,Month-to-month,No,Credit card (automatic),114.04,7641.04,No
9666-BQKL,Male,0,No,No,4,Yes,No,No,No internet service,No internet service,No internet service,No internet service,No internet service,No internet service,Two year,No,Credit card (automatic),33.2,133.36,No
2205-XYGT,Male,0,No,Yes,30,Yes,Yes,Fiber optic,No,No,No,No,No,Yes,Month-to-month,Yes,Bank transfer (automatic),106.36,3191.4,No
4572-XAQK,Male,0,No,No,51,Yes,No,No,No internet service,No internet service,No internet service,No internet service,No internet service,No internet service,One year,No,Credit card (automatic),31.52,1607.27,No
5757-RUQG,female,0,Yes,No,33,Yes,No,Fiber optic,No,Yes,No,No,No,Yes,Two year,No,Bank transfer (automatic),114.03,3764.53,No
5944-TIQT,Male,0,Yes,No,58,Yes,Yes,Fiber optic,No,Yes,Yes,Yes,No,Yes,Two year,No,Electronic check,122.32,7092.54,No
4701-VHQG,Male,0,Yes,Yes,13,Yes,Yes,DSL,Yes,Yes,Yes,No,No,Yes,Two year,No,Electronic check,90.53,1176.71,Yes
2759-MWSX,Male,1,Yes,Yes,70,Yes,Yes,Fiber optic,No,No,No,No,Yes,No,Month-to-month,No,Credit card (automatic),109.91,7695.77,No
9914-QMPH,Female,0,Yes,No,28,Yes,Yes,Fiber optic,No,Yes,No,No,Yes,No,One year,Yes,Electronic check,106.33,2981.77,No
8186-RANS,Male,0,Yes,Yes,25,No,No phone service,DSL,No,No,No,No,No,Yes,Two year,No,Mailed check,60.12,1500.95,No
7645-QRFS,male,0,Yes,No,63,Yes,No,Fiber optic,Yes,Yes,No,No,No,No,Two year,No,Credit card (automatic),103.02,6492.11,No
5926-DAHW,Male,0,Yes,No,41,Yes,No,DSL,Yes,Yes,Yes,No,No,No,One year,Yes,Electronic check,79.74,3270.84,No
9038-CJJS,Female,0,Yes,Yes,37,Yes,No,Fiber optic,No,No,No,No,No,No,Month-to-month,Yes,Credit card (automatic),96.82, ,No
7305-AWWR,Female,0,Yes,No,53,Yes,No,Fiber optic,No,No,No,Yes,Yes,No,Two year,No,Credit card (automatic),105.97,5613.76,No
4462-HAYW,Male,0,Yes,No,42,Yes,No,Fiber optic,No,Yes,Yes,Yes,No,Yes,Month-to-month,No,Credit card (automatic),120.51,5062.19,No
6954-XWHV,Male,0,Yes,Yes,12,Yes,No,No,No internet service,No internet service,No internet service,No internet service,No internet service,No internet service,Month-to-month,Yes,Electronic check,32.1,385.62,Yes
4310-ECSA,Male,0,No,No,49,Yes,No,Fiber optic,Yes,Yes,Yes,No,Yes,No,Month-to-month,Yes,Electronic check,113.76,5576.28,No
4675-OHBC,Male,0,Yes,No,9,Yes,No,Fiber optic,No,No,Yes,Yes,Yes,Yes,Month-to-month,No,Credit card (automatic),113.62,1018.52,Yes
3143-XNXN,female,1,Yes,No,58,Yes,Yes,DSL,No,Yes,Yes,No,No,Yes,Month-to-month,Yes,Electronic check,87.52,5075.97,Yes
3538-PDTE,Female,0,Yes,No,72,Yes,Yes,No,No internet service,No internet service,No internet service,No internet service,No internet service,No internet service,Month-to-month,Yes,Mailed check,36.96,2660.82,No
7612-NWPR,Male,0,Yes,No,27,Yes,No,Fiber optic,Yes,Yes,No,No,No,No,Two year,Yes,Bank transfer (automatic),102.3,2759.74,No
7150-JGAW,Female,0,Yes,No,32,Yes,Yes,Fiber optic,No,Yes,No,No,No,Yes,Month-to-month,Yes,Electronic check,111.33,3559.78,Yes
5242-PSDR,male,0,Yes,No,3,Yes,Yes,DSL,No,No,Yes,No,Yes,No,Month-to-month,No,Credit card (automatic),79.53,236.68,Yes
9705-AOET,Female,0,No,No,1,Yes,No,Fiber optic,Yes,No,No,No,No,No,Two year,Yes,Bank transfer (automatic),98.06,100.54,Yes
4594-JBCW,Female,0,Yes,No,67,No,No phone service,DSL,No,Yes,No,Yes,Yes,Yes,Month-to-month,Yes,Electronic check,73.09,4896.44,No
5491-TEEF,Male,0,Yes,No,9,Yes,Yes,Fiber optic,No,No,Yes,No,No,No,Month-to-month,Yes,Electronic check,111.67,1004.17,No
2279-IBUL,Female,0,No,Yes,32,Yes,No,No,No internet service,No internet service,No internet service,No internet service,No internet service,No internet service,Month-to-month,Yes,Electronic check,34.49,1103.39,No
6986-TVLX,Male,0,Yes,No,59,Yes,Yes,Fiber optic,No,Yes,No,Yes,No,No,Month-to-month,No,Electronic check,114.21,6738.15,No
3679-NWQR,Male,0,Yes,No,64,Yes,No,Fiber optic,No,Yes,Yes,Yes,Yes,Yes,Month-to-month,Yes,Bank transfer (automatic),117.58,7525.24,No
4186-QNIH,Male,1,No,Yes,38,Yes,No,Fiber optic,No,Yes,No,Yes,Yes,No,One year,Yes,Electronic check,112.13,4259.96,No
5033-MYGI,Male,0,No,No,41,Yes,Yes,Fiber optic,No,No,Yes,No,Yes,Yes,Two year,Yes,Mailed check,118.49,4858.39,No
6877-VKND,Female,0,Yes,Yes,48,Yes,No,Fiber optic,No,No,Yes,No,No,Yes,One year,Yes,Credit card (automatic),111.15,5336.45,No
7809-MBWE,female,0,No,Yes,70,Yes,No,Fiber optic,No,Yes,No,No,Yes,Yes,Month-to-month,No,Mailed check,116.24,8139.18,No
1074-FRUJ,Female,0,Yes,No,44,Yes,Yes,DSL,Yes,No,No,Yes,Yes,Yes,Month-to-month,Yes,Electronic check,94.09,4139.19,No
6475-IFBQ,Female,0,Yes,No,40,Yes,Yes,DSL,Yes,Yes,No,No,No,No,Month-to-month,No,Credit card (automatic),80.0,3197.68,No
6796-YFLW,Female,0,No,Yes,1,Yes,Yes,Fiber optic,No,No,No,Yes,Yes,Yes,Month-to-month,Yes,Electronic check,118.07,121.13,Yes
9041-VUYF,Male,0,Yes,No,6,Yes,No,Fiber optic,No,No,Yes,No,No,Yes,Month-to-month,Yes,Credit card (automatic),100.45,599.06,Yes
5263-BLMY,Male,0,Yes,No,42,Yes,No,DSL,Yes,Yes,Yes,No,No,No,Two year,No,Bank transfer (automatic),76.96,3229.18,No
9646-JMQU,Male,0,No,Yes,68,Yes,Yes,Fiber optic,No,No,No,No,No,No,Month-to-month,No,Bank transfer (automatic),97.55,6633.21,No
8643-NBVK,Female,0,No,No,63,Yes,No,DSL,No,No,Yes,No,Yes,Yes,Month-to-month,No,Bank transfer (automatic),77.48,4880.62,Yes
3866-UDSU,Female,1,Yes,No,71,Yes,Yes,DSL,No,Yes,Yes,Yes,No,No,Month-to-month,Yes,Mailed check,81.54,5788.76,No
4850-HKDQ,Male,0,No,No,38,Yes,No,Fiber optic,No,No,Yes,Yes,Yes,No,Month-to-month,Yes,Credit card (automatic),108.66,4128.67,No
9378-GHCV,Female,1,Yes,No,57,Yes,Yes,Fiber optic,No,Yes,Yes,Yes,No,Yes,One year,No,Credit card (automatic),127.36,7260.56,No
5150-OXVV,female,0,No,No,61,Yes,No,Fiber optic,Yes,Yes,No,No,Yes,No,Two year,Yes,Mailed check,105.31,6424.64,No
7212-XADO,Female,0,Yes,Yes,47,Yes,Yes,Fiber optic,No,No,Yes,No,No,Yes,Month-to-month,No,Mailed check,112.21,5275.35,No
2762-TKQM,Male,1,Yes,Yes,24,No,No phone service,No,No internet service,No internet service,No internet service,No internet service,No internet service,No internet service,Month-to-month,No,Credit card (automatic),22.86,548.42,No
7122-BIBU,Male,0,Yes,No,34,Yes,No,Fiber optic,No,Yes,Yes,No,Yes,Yes,Two year,No,Mailed check,116.79,3972.45,No
3120-IHQA,Male,1,Yes,No,62,Yes,No,DSL,No,No,No,Yes,No,No,One year,No,Credit card (automatic),73.98,4587.25,No
2240-KHJY,Male,0,Yes,Yes,21,Yes,No,Fiber optic,Yes,No,No,No,Yes,Yes,Two year,Yes,Bank transfer (automatic),110.6,2322.51,No
8970-CREL,Male,0,No,No,67,Yes,Yes,DSL,No,No,Yes,No,Yes,Yes,Month-to-month,No,Bank transfer (automatic),90.25,6047.89,No
9363-SFBL,Female,1,No,No,16,Yes,No,No,No internet service,No internet service,No internet service,No internet service,No internet service,No internet service,Month-to-month,Yes,Electronic check,30.43,487.77,Yes
3322-ELQQ,Male,0,Yes,Yes,54,Yes,Yes,DSL,No,No,Yes,Yes,No,No,Month-to-month,Yes,Electronic check,83.99,4535.79,No
1329-YWQO,Female,1,Yes,Yes,46,Yes,No,Fiber optic,Yes,Yes,No,No,Yes,No,Month-to-month,Yes,Mailed check,109.42,5030.92,Yes
5107-PXSH,Female,1,Yes,No,54,Yes,No,DSL,Yes,No,No,No,Yes,No,One year,Yes,Bank transfer (automatic),79.33,4283.07,No
3708-QWEV,Female,0,No,No,32,Yes,No,No,No internet service,No internet service,No internet service,No internet service,No internet service,No internet service,Month-to-month,No,Bank transfer (automatic),31.53,1008.76,No
8119-FHYR,Male,0,No,Yes,68,Yes,No,DSL,No,No,No,Yes,No,No,Month-to-month,No,Bank transfer (automatic),73.31,4987.24,No
6387-OIMO,Female,0,No,No,46,Yes,Yes,No,No internet service,No internet service,No internet service,No internet service,No internet service,No internet service,Month-to-month,Yes,Bank transfer (automatic),38.27,1760.05,No
5873-PGQW,Female,0,No,No,21,Yes,No,DSL,No,No,No,Yes,No,No,Two year,Yes,Credit card (automatic),68.27,1431.33,No
6913-UVGN,Male,0,Yes,No,46,Yes,No,DSL,No,No,No,Yes,Yes,Yes,Month-to-month,No,Electronic check,83.07,3821.52,No
5430-UGIS,Male,0,Yes,Yes,21,Yes,No,DSL,No,Yes,Yes,No,No,No,Month-to-month,No,Bank transfer (automatic),74.92,1571.39,Yes
9007-RWRT,Female,0,No,No,21,Yes,No,No,No internet service,No internet service,No internet service,No internet service,No internet service,No internet service,One year,No,Electronic check,30.54,640.48,No
4042-RJGQ,Male,0,No,No,29,Yes,No,No,No internet service,No internet service,No internet service,No internet service,No internet service,No internet service,Month-to-month,No,Mailed check,32.51,944.27,No
8693-XCLM,Male,1,Yes,No,62,Yes,Yes,DSL,No,No,Yes,No,Yes,No,Month-to-month,No,Electronic check,76.95,4768.73,Yes
1130-EKHW,male,0,Yes,No,36,Yes,No,DSL,No,No,No,Yes,No,Yes,Month-to-month,Yes,Mailed check,73.04,2630.64,No
8126-LGOX,male,0,No,No,49,Yes,No,Fiber optic,No,No,No,No,No,Yes,Two year,No,Mailed check,99.43,4875.37,No
7640-DVYM,Female,0,Yes,No,28,Yes,No,DSL,Yes,No,No,No,No,Yes,One year,No,Electronic check,76.13,2129.69,Yes
9684-JLBW,Male,0,Yes,No,19,No,No phone service,DSL,Yes,Yes,No,Yes,Yes,No,One year,No,Mailed check,72.04,1370.33,No
9930-JBWM,Female,0,No,Yes,69,Yes,Yes,DSL,No,No,No,No,Yes,No,Two year,Yes,Credit card (automatic),71.32,4921.7,Yes
4810-GNTQ,Female,0,Yes,Yes,44,Yes,Yes,DSL,No,Yes,Yes,Yes,No,Yes,Two year,No,Electronic check,86.87,3822.8,No
9436-LYPX,Female,1,Yes,No,68,Yes,Yes,DSL,No,Yes,No,No,No,No,One year,Yes,Bank transfer (automatic),72.87,4952.82,No
2771-OYJY,Female,0,No,Yes,15,Yes,No,DSL,Yes,No,Yes,No,No,Yes,Month-to-month,Yes,Mailed check,81.49,1222.69,Yes
9190-GTEA,Female,0,No,Yes,10,Yes,No,Fiber optic,No,Yes,No,No,No,No,One year,No,Electronic check,106.64,1067.71,Yes
4760-CMNX,Male,1,No,No,62,Yes,Yes,No,No internet service,No internet service,No internet service,No internet service,No internet service,No internet service,Month-to-month,Yes,Electronic check,37.89,2349.68,No
3033-DREY,Female,1,Yes,Yes,49,Yes,No,DSL,No,No,Yes,No,Yes,Yes,Two year,Yes,Electronic check,79.9,3914.75,No
9623-AUNO,Female,0,Yes,Yes,13,Yes,No,Fiber optic,Yes,Yes,No,No,No,No,One year,No,Credit card (automatic),107.76,1402.04,No
3632-OQYX,Female,0,No,Yes,19,Yes,No,DSL,Yes,Yes,Yes,No,Yes,No,Month-to-month,No,Electronic check,84.45,1606.01,No
2828-EKFG,Female,0,No,No,58,Yes,Yes,Fiber optic,No,No,No,No,Yes,Yes,Month-to-month,No,Electronic check,114.78,6653.03,No
8486-NXKM,Male,0,Yes,No,33,Yes,No,DSL,No,No,No,Yes,No,Yes,Month-to-month,Yes,Electronic check,78.36,2586.72,Yes
8878-TDHT,Male,0,No,No,49,Yes,Yes,Fiber optic,Yes,Yes,No,Yes,Yes,No,Month-to-month,No,Bank transfer (automatic),122.4,5995.9,No
6429-USMN,Female,0,Yes,No,23,Yes,No,DSL,No,No,No,No,Yes,Yes,Month-to-month,Yes,Bank transfer (automatic),76.6,1761.77,Yes
8274-BYIQ,Male,1,Yes,No,27,Yes,Yes,No,No internet service,No internet service,No internet service,No internet service,No internet service,No internet service,Month-to-month,No,Mailed check,35.76,966.06,No
7402-XFEE,Female,0,Yes,No,72,Yes,No,DSL,No,Yes,No,No,No,No,Month-to-month,Yes,Mailed check,72.56,5222.64,No
9245-OWQI,Male,0,Yes,No,18,Yes,No,Fiber optic,No,Yes,No,Yes,No,No,One year,No,Mailed check,108.86,1959.51,No
2913-QJCR,Male,0,Yes,No,37,Yes,Yes,No,No internet service,No internet service,No internet service,No internet service,No internet service,No internet service,Month-to-month,Yes,Electronic check,35.97,1331.15,No
8312-XCCF,Male,0,No,No,61,Yes,Yes,Fiber optic,Yes,No,Yes,Yes,No,Yes,Month-to-month,No,Mailed check,127.28,7762.34,No
5876-XOYI,Male,0,No,Yes,17,Yes,No,Fiber optic,Yes,No,No,Yes,Yes,No,Month-to-month,Yes,Bank transfer (automatic),108.04,1836.13,No
5675-NEBK,Female,0,No,Yes,30,Yes,No,No,No internet service,No internet service,No internet service,No internet service,No internet service,No internet service,Two year,No,Mailed check,29.73,891.48,No
2640-XCIC,MALE,0,Yes,Yes,45,Yes,No,DSL,Yes,Yes,No,No,No,Yes,Month-to-month,Yes,Bank transfer (automatic),82.54,3715.67,Yes
6016-BLJI,Female,0,Yes,No,35,Yes,Yes,DSL,No,No,Yes,Yes,No,No,Month-to-month,No,Bank transfer (automatic),81.16, ,No
1954-BXOF,Female,0,Yes,No,33,Yes,Yes,No,No internet service,No internet service,No internet service,No internet service,No internet service,No internet service,One year,Yes,Electronic check,35.79, ,No
6370-EPRF,Male,0,Yes,No,26,Yes,Yes,DSL,No,No,No,No,Yes,Yes,Month-to-month,Yes,Electronic check,81.07,2106.78,Yes
9228-PMEM,Female,0,No,Yes,42,Yes,Yes,No,No internet service,No internet service,No internet service,No internet service,No internet service,No internet service,Month-to-month,No,Mailed check,38.17,1603.67,No
6233-HMSC,Female,0,No,No,45,Yes,No,DSL,No,No,No,No,No,Yes,Month-to-month,No,Bank transfer (automatic),70.78,3186.08,No
2591-HBHM,Female,0,No,No,47,Yes,Yes,Fiber optic,No,No,Yes,Yes,No,No,One year,Yes,Electronic check,122.75,5766.85,No
2312-FXSP,Male,1,Yes,No,5,Yes,Yes,Fiber optic,Yes,Yes,No,No,No,No,One year,Yes,Credit card (automatic),109.6,546.96,Yes
4239-APIM,Female,0,Yes,No,46,Yes,Yes,No,No internet service,No internet service,No internet service,No internet service,No internet service,No internet service,One year,No,Mailed check,34.76,1597.57,No
1362-MYUJ,Female,0,No,No,69,Yes,Yes,Fiber optic,No,Yes,No,Yes,No,Yes,Month-to-month,No,Electronic check,112.36,7753.34,No
5286-FGEK,Male,1,Yes,No,39,Yes,No,DSL,No,Yes,No,Yes,Yes,Yes,Two year,Yes,Bank transfer (automatic),78.12,3045.19,No
1556-YSWJ,Male,1,No,No,52,No,No phone service,Fiber optic,No,Yes,No,No,No,No,Month-to-month,No,Electronic check,101.56,5278.72,Yes
8561-KUGR,Female,0,No,No,40,Yes,No,DSL,No,Yes,Yes,No,Yes,No,Month-to-month,No,Mailed check,79.99,3199.06,No
3403-BNML,Male,0,Yes,Yes,62,Yes,Yes,Fiber optic,Yes,No,Yes,No,No,Yes,Month-to-month,Yes,Mailed check,125.76,7797.42,No
1294-BMNQ,Female,0,No,Yes,67,Yes,Yes,No,No internet service,No internet service,No internet service,No internet service,No internet service,No internet service,One year,Yes,Electronic check,36.65,2456.58,No
3064-HBXM,Male,0,No,No,13,Yes,Yes,Fiber optic,Yes,Yes,No,No,Yes,No,Month-to-month,No,Credit card (automatic),114.38,1486.8,Yes
2007-FSGJ,Female,0,Yes,Yes,32,Yes,No,Fiber optic,No,Yes,Yes,No,No,Yes,One year,No,Credit card (automatic),106.08,3393.05,Yes
6352-BOEV,Female,0,No,No,28,Yes,No,DSL,No,Yes,Yes,No,Yes,No,Two year,No,Electronic check,78.81,2207.69,No
8059-DRDQ,Male,0,Yes,Yes,29,Yes,Yes,Fiber optic,No,No,Yes,Yes,No,Yes,Month-to-month,Yes,Mailed check,121.38,3520.44,Yes
9073-VAVX,Male,0,Yes,No,9,Yes,No,Fiber optic,No,Yes,Yes,Yes,No,No,Month-to-month,Yes,Electronic check,112.1,1008.77,Yes
7353-RNOL,Female,0,No,No,59,Yes,No,Fiber optic,Yes,No,Yes,Yes,No,No,Month-to-month,Yes,Credit card (automatic),106.61,6292.24,No
9954-CTLG,Female,0,No,No,2,Yes,No,DSL,Yes,Yes,No,No,No,Yes,Month-to-month,No,Electronic check,81.96,164.78,No
9220-KAFO,Female,0,Yes,No,38,Yes,No,Fiber optic,No,Yes,No,Yes,Yes,Yes,Month-to-month,Yes,Mailed check,121.36,4608.84,No
4356-DQCM,Male,0,Yes,No,48,Yes,Yes,DSL,No,No,Yes,No,No,Yes,Two year,Yes,Electronic check,78.41,3764.42,Yes
1038-OWKT,Male,0,No,No,15,Yes,Yes,Fiber optic,No,No,Yes,Yes,Yes,Yes,Month-to-month,Yes,Electronic check,120.38,1805.77,No
2823-BONT,Male,0,No,Yes,66,Yes,Yes,DSL,No,No,No,Yes,No,No,Two year,Yes,Bank transfer (automatic),69.87,4611.0,No
4093-KCQL,Female,0,No,No,61,Yes,No,No,No internet service,No internet service,No internet service,No internet service,No internet service,No internet service,Month-to-month,Yes,Bank transfer (automatic),32.63,1989.76,No
1988-UOPE,MALE,1,Yes,Yes,34,Yes,No,DSL,No,Yes,No,No,No,Yes,Two year,Yes,Mailed check,73.61,2501.71,No
5179-FSYE,Male,0,No,No,30,Yes,No,Fiber optic,Yes,No,Yes,No,No,Yes,Two year,No,Bank transfer (automatic),102.28,3067.13,No
6626-AFOB,Female,0,Yes,No,17,Yes,Yes,DSL,No,Yes,Yes,No,No,Yes,One year,Yes,Mailed check,80.54,1365.9,No
2980-CQYX,Female,1,No,No,53,Yes,Yes,Fiber optic,No,Yes,No,No,Yes,No,Two year,Yes,Electronic check,115.25,6110.48,No
6390-LPHN,Male,0,Yes,No,9,Yes,Yes,DSL,No,No,No,Yes,Yes,No,Month-to-month,Yes,Electronic check,78.97,710.99,Yes
1984-QUHO,Male,0,No,No,49,Yes,Yes,Fiber optic,No,No,Yes,No,Yes,Yes,Month-to-month,Yes,Mailed check,113.46,5560.9,No
2050-NRTG,female,1,Yes,No,61,Yes,No,DSL,No,No,Yes,No,No,Yes,One year,Yes,Bank transfer (automatic),75.16,4586.95,No
1959-LUXC,Female,0,Yes,No,16,Yes,Yes,Fiber optic,No,Yes,No,No,No,No,One year,Yes,Credit card (automatic),104.64,1673.08,Yes
8725-OYNG,Male,0,Yes,No,63,Yes,Yes,DSL,Yes,No,No,No,No,No,Two year,Yes,Electronic check,73.07,4602.21,No
2875-DIFP,Female,0,Yes,No,2,No,No phone service,DSL,No,Yes,Yes,No,No,No,Month-to-month,No,Mailed check,64.19,128.42,Yes
8099-VVUU,Female,0,No,No,66,Yes,No,Fiber optic,Yes,Yes,No,No,No,Yes,Month-to-month,Yes,Electronic check,119.74,7902.52,No
3433-XHKM,Male,0,No,No,8,Yes,Yes,DSL,Yes,No,Yes,No,Yes,Yes,Month-to-month,Yes,Credit card (automatic),95.04,760.94,Yes
5167-URRN,Male,0,No,No,47,Yes,Yes,DSL,No,Yes,No,Yes,Yes,No,Two year,No,Credit card (automatic),79.09,3718.41,No
9357-KMYA,Female,0,Yes,No,18,Yes,Yes,No,No internet service,No internet service,No internet service,No internet service,No internet service,No internet service,Two year,Yes,Electronic check,36.94,664.5,No
3043-FIHK,Female,0,No,No,61,Yes,No,No,No internet service,No internet service,No internet service,No internet service,No internet service,No internet service,One year,No,Bank transfer (automatic),30.55,1862.58,No
1213-SXIQ,Male,0,No,No,37,No,No phone service,Fiber optic,Yes,No,Yes,No,Yes,Yes,Month-to-month,Yes,Bank transfer (automatic),103.75,3838.59,Yes
7731-YNOP,Female,0,Yes,Yes,10,Yes,No,DSL,No,Yes,No,Yes,No,No,One year,Yes,Electronic check,69.42,695.38,No
3720-JHRA,Female,0,Yes,No,41,No,No phone service,DSL,Yes,Yes,No,No,Yes,No,One year,Yes,Mailed check,67.4,2763.74,No
1001-AAIM,Male,0,No,No,29,Yes,Yes,Fiber optic,Yes,Yes,No,No,No,Yes,Month-to-month,No,Bank transfer (automatic),113.23,3282.87,No
2949-AMTV,Female,0,No,No,48,Yes,No,DSL,Yes,No,Yes,No,Yes,No,One year,Yes,Electronic check,83.08,3986.2,No
4174-BFGN,Female,0,No,No,64,Yes,Yes,No,No internet service,No internet service,No internet service,No internet service,No internet service,No internet service,Month-to-month,Yes,Mailed check,36.16,2314.95,No
4041-JWLQ,Male,0,Yes,No,30,Yes,No,DSL,Yes,Yes,No,No,Yes,No,Month-to-month,Yes,Electronic check,74.16, ,No
2895-KCFI,male,0,No,Yes,21,Yes,No,No,No internet service,No internet service,No internet service,No internet service,No internet service,No internet service,Month-to-month,Yes,Mailed check,32.0,671.91,No
7917-IGIR,Male,1,Yes,No,1,Yes,No,Fiber optic,Yes,No,No,Yes,Yes,No,Two year,No,Credit card (automatic),112.29,112.29,No
9907-HHRT,female,0,No,No,42,Yes,No,Fiber optic,No,No,Yes,Yes,Yes,Yes,Two year,Yes,Mailed check,116.95,4913.93,No
9442-GKTP,Female,0,No,Yes,29,Yes,No,DSL,No,No,Yes,Yes,No,Yes,One year,No,Electronic check,81.83,2373.15,No
1899-FVCI,Male,0,Yes,Yes,27,Yes,No,No,No internet service,No internet service,No internet service,No internet service,No internet service,No internet service,One year,Yes,Electronic check,33.23,896.79,Yes
8867-JNKR,Female,1,No,No,13,Yes,No,DSL,No,No,No,No,No,Yes,Month-to-month,No,Bank transfer (automatic),69.17,896.74,Yes
8179-WLMY,Female,0,Yes,No,31,Yes,No,Fiber optic,No,Yes,Yes,No,Yes,Yes,One year,Yes,Electronic check,119.06,3691.51,Yes
2266-SWND,Female,0,No,No,71,Yes,Yes,No,No internet service,No internet service,No internet service,No internet service,No internet service,No internet service,Month-to-month,No,Bank transfer (automatic),36.75,2609.33,No
5780-HWUW,male,0,Yes,Yes,21,Yes,Yes,DSL,Yes,Yes,No,Yes,No,No,Two year,Yes,Electronic check,86.52,1815.05,No
1306-LRFR,Male,0,Yes,Yes,43,Yes,Yes,Fiber optic,No,No,No,Yes,Yes,No,Month-to-month,No,Bank transfer (automatic),107.12,4604.46,Yes
1661-EXIC,male,0,Yes,No,56,Yes,Yes,Fiber optic,No,No,Yes,No,Yes,Yes,One year,No,Credit card (automatic),120.47,6748.26,No
9946-CVOA,Female,0,Yes,No,54,Yes,No,DSL,No,No,No,No,No,Yes,One year,Yes,Credit card (automatic),70.85,3827.2,No
8005-UXTE,Male,1,Yes,No,24,Yes,No,Fiber optic,No,No,No,No,No,No,One year,No,Electronic check,94.16,2261.12,Yes
4453-TXRQ,Female,0,No,No,44,No,No phone service,DSL,Yes,No,No,No,No,Yes,Two year,No,Bank transfer (automatic),71.63,3150.55,Yes
5703-IDUB,Male,0,No,Yes,63,Yes,No,Fiber optic,No,No,No,No,Yes,Yes,Month-to-month,No,Electronic check,102.56,6459.77,No
6631-DBOB,Male,1,No,No,1,Yes,Yes,Fiber optic,No,Yes,No,Yes,Yes,No,Two year,Yes,Bank transfer (automatic),119.32,119.32,No
2394-VLCM,Female,0,Yes,Yes,31,Yes,Yes,Fiber optic,No,Yes,Yes,Yes,Yes,Yes,Month-to-month,Yes,Electronic check,124.17,3849.94,Yes
1529-HUOA,Female,0,No,No,16,No,No phone service,DSL,No,No,No,Yes,No,No,Two year,No,Bank transfer (automatic),61.73,988.91,No
4591-DPWJ,Male,0,Yes,No,28,Yes,No,No,No internet service,No internet service,No internet service,No internet service,No internet service,No internet service,One year,Yes,Mailed check,34.0,952.52,No
1525-NBWE,Male,0,No,Yes,30,Yes,Yes,No,No internet service,No internet service,No internet service,No internet service,No internet service,No internet service,Month-to-month,Yes,Credit card (automatic),37.78,1133.53,Yes
5648-VONX,Female,0,Yes,Yes,54,No,No phone service,Fiber optic,Yes,Yes,No,Yes,No,No,Two year,No,Bank transfer (automatic),102.54,5538.81,No
3278-YTBG,male,0,No,Yes,7,No,No phone service,Fiber optic,No,No,No,Yes,Yes,No,One year,Yes,Mailed check,101.71,711.64,No
4216-YYBC,male,0,No,No,37,No,No phone service,Fiber optic,No,No,No,Yes,Yes,Yes,Two year,Yes,Credit card (automatic),100.64,3725.5,No
5356-AHLX,Female,0,No,No,41,Yes,Yes,Fiber optic,Yes,No,No,No,No,Yes,One year,Yes,Electronic check,114.96,4713.76,No
8062-OKJC,Male,0,Yes,Yes,36,Yes,No,Fiber optic,Yes,Yes,No,No,No,No,Month-to-month,No,Credit card (automatic),108.35,3899.23,No
1629-NPJJ,Male,0,Yes,No,53,Yes,No,DSL,Yes,Yes,No,Yes,No,No,Month-to-month,No,Bank transfer (automatic),76.35,4044.59,Yes
4432-AETH,Male,0,Yes,Yes,28,Yes,Yes,Fiber optic,Yes,No,No,No,Yes,No,Month-to-month,No,Credit card (automatic),119.83,3357.2,No
8115-AYVT,Male,0,No,No,68,Yes,No,DSL,No,No,Yes,No,No,No,Two year,No,Electronic check,73.73,5010.24,No
4192-KEOE,Male,0,No,No,35,Yes,No,DSL,No,No,No,Yes,No,Yes,One year,Yes,Electronic check,72.43,2535.6,No
4568-XLXO,Male,0,Yes,No,41,Yes,No,Fiber optic,No,No,Yes,No,No,Yes,Month-to-month,Yes,Bank transfer (automatic),112.1,4594.61,Yes
2742-FLTR,Male,1,No,No,60,Yes,No,Fiber optic,No,Yes,No,No,No,No,One year,Yes,Credit card (automatic),98.29,5895.89,No
1968-ETAW,Male,0,No,No,20,Yes,Yes,Fiber optic,No,Yes,No,No,No,No,One year,Yes,Electronic check,109.85,2197.03,No
2058-FEUE,Female,0,No,No,5,Yes,No,Fiber optic,No,No,Yes,No,Yes,Yes,Month-to-month,Yes,Electronic check,113.19,565.94,Yes
2229-LJTU,Male,0,Yes,No,51,Yes,Yes,No,No internet service,No internet service,No internet service,No internet service,No internet service,No internet service,Month-to-month,No,Electronic check,38.68,1973.47,Yes
3289-XKBY,Male,0,Yes,No,35,Yes,Yes,Fiber optic,No,No,No,No,No,No,Month-to-month,No,Credit card (automatic),104.33,3652.21,Yes
8473-YGXO,female,0,Yes,Yes,65,Yes,No,Fiber optic,No,Yes,No,No,No,No,Month-to-month,Yes,Bank transfer (automatic),96.82,6292.73,No
7570-RWLF,Female,0,No,Yes,71,Yes,No,DSL,Yes,Yes,No,No,No,No,Month-to-month,No,Mailed check,78.06,5544.2,No
7294-MTPR,Male,0,Yes,No,29,No,No phone service,DSL,Yes,Yes,No,Yes,No,Yes,Month-to-month,No,Electronic check,73.68,2135.58,No
1891-WHRU,Female,0,No,No,30,Yes,No,DSL,No,Yes,Yes,No,No,Yes,Two year,No,Mailed check,78.54,2354.09,No
9320-WHFE,male,1,No,No,29,Yes,No,Fiber optic,No,Yes,No,Yes,Yes,No,Month-to-month,Yes,Electronic check,113.12,3277.27,No
2198-BAWW,Male,0,No,No,23,Yes,No,Fiber optic,Yes,No,Yes,No,Yes,Yes,Month-to-month,Yes,Bank transfer (automatic),115.7,2661.31,Yes
7089-RRQH,Female,0,No,No,57,Yes,No,DSL,Yes,No,No,No,No,No,Month-to-month,Yes,Mailed check,75.38,4295.81,No
1302-HQLH,Female,0,Yes,No,55,Yes,No,Fiber optic,No,Yes,Yes,No,No,Yes,Month-to-month,Yes,Bank transfer (automatic),116.22,6392.52,No
5440-NDAA,Male,0,Yes,No,35,Yes,Yes,DSL,No,No,No,Yes,No,Yes,Month-to-month,Yes,Credit card (automatic),76.57,2678.26,Yes
4124-PEIB,Male,0,No,No,3,Yes,Yes,DSL,Yes,No,Yes,Yes,Yes,Yes,Month-to-month,No,Mailed check,92.82,277.61,Yes
6105-FIAI,Female,0,Yes,No,22,Yes,Yes,No,No internet service,No internet service,No internet service,No internet service,No internet service,No internet service,One year,Yes,Electronic check,35.69,785.63,No
6208-PMIU,Male,0,Yes,Yes,21,Yes,Yes,Fiber optic,Yes,Yes,No,No,No,Yes,One year,Yes,Bank transfer (automatic),121.87,2561.43,No
4230-IKDB,female,0,Yes,No,59,Yes,No,DSL,No,No,Yes,No,No,Yes,Month-to-month,Yes,Electronic check,74.8,4414.86,No
4173-NDFS,male,0,Yes,No,6,Yes,No,Fiber optic,No,Yes,No,No,No,Yes,One year,No,Credit card (automatic),104.09,622.67,No
4553-RMIW,Female,0,Yes,No,58,Yes,No,Fiber optic,Yes,Yes,Yes,No,No,Yes,Month-to-month,Yes,Electronic check,124.29,7210.74,No
2388-KAXV,Female,0,No,Yes,48,Yes,No,Fiber optic,No,No,No,Yes,Yes,No,Month-to-month,Yes,Credit card (automatic),110.02,5280.84,No
1454-YUOA,Female,0,No,Yes,53,Yes,No,DSL,No,No,No,Yes,No,Yes,One year,No,Electronic check,75.56,4004.23,No
5806-OUSY,Female,1,No,No,31,Yes,Yes,Fiber optic,No,No,No,No,No,Yes,Two year,Yes,Electronic check,108.55,3366.13,Yes
2440-QQCL,Female,0,Yes,No,49,Yes,Yes,DSL,Yes,No,Yes,Yes,Yes,No,One year,No,Mailed check,85.93,4212.04,No
8010-HNNJ,Male,0,Yes,No,44,Yes,Yes,No,No internet service,No internet service,No internet service,No internet service,No internet service,No internet service,Month-to-month,Yes,Credit card (automatic),37.56,1651.78,No
3989-ICUH,male,0,Yes,No,56,Yes,No,Fiber optic,Yes,No,No,No,Yes,No,Two year,Yes,Credit card (automatic),106.32,5953.69,No
3863-BFUY,Male,0,No,No,32,No,No phone service,Fiber optic,No,No,No,No,Yes,No,Month-to-month,Yes,Electronic check,96.48,3086.0,Yes
1011-EBPE,Female,1,Yes,No,34,Yes,Yes,DSL,Yes,Yes,No,No,Yes,No,Month-to-month,No,Electronic check,86.92,2956.32,No
9234-PWFN,Female,0,No,Yes,47,Yes,No,DSL,No,Yes,No,No,Yes,Yes,Month-to-month,No,Mailed check,79.82,3751.81,No
7570-MUWK,Male,0,No,No,8,Yes,No,DSL,Yes,Yes,Yes,No,No,No,One year,Yes,Electronic check,79.6,637.63,No
5431-OUOY,Male,0,Yes,No,31,Yes,Yes,No,No internet service,No internet service,No internet service,No internet service,No internet service,No internet service,Two year,Yes,Bank transfer (automatic),38.66,1198.79,No
9906-SODU,Male,0,Yes,Yes,70,Yes,Yes,DSL,No,Yes,No,No,Yes,Yes,Month-to-month,Yes,Mailed check,80.99,5668.39,No
1140-VSBN,Female,0,No,No,3,Yes,No,DSL,No,No,No,Yes,Yes,No,Month-to-month,No,Bank transfer (automatic),73.28,217.74,Yes
7012-DPUT,Male,0,No,No,23,Yes,Yes,No,No internet service,No internet service,No internet service,No internet service,No internet service,No internet service,One year,Yes,Bank transfer (automatic),38.14,877.39,No
4610-OCHP,Female,0,Yes,No,23,Yes,No,Fiber optic,No,Yes,Yes,No,No,Yes,Two year,Yes,Bank transfer (automatic),118.94,2736.37,Yes
1105-DRBQ,Female,0,Yes,No,46,Yes,No,Fiber optic,No,No,No,Yes,Yes,No,Month-to-month,Yes,Credit card (automatic),107.45,4943.24,Yes
7787-YKGL,Male,0,No,No,7,Yes,No,DSL,No,No,No,Yes,No,No,Two year,Yes,Electronic check,67.9,477.24,No
8052-GXQJ,Male,1,Yes,Yes,45,Yes,No,Fiber optic,No,Yes,No,No,No,No,Month-to-month,No,Electronic check,100.28,4514.12,Yes
9636-JXDT,Male,0,Yes,No,7,Yes,No,Fiber optic,No,No,No,No,Yes,No,Two year,No,Bank transfer (automatic),97.26,681.17,Yes
2798-VALX,Male,0,Yes,No,7,Yes,No,Fiber optic,Yes,Yes,No,No,No,Yes,Month-to-month,Yes,Electronic check,121.01,847.15,Yes
7284-WVVU,Male,0,No,No,53,Yes,Yes,DSL,Yes,Yes,No,No,Yes,Yes,Month-to-month,Yes,Electronic check,89.56,4748.9,No
7869-IIOJ,Male,0,Yes,No,23,Yes,No,Fiber optic,No,No,Yes,No,Yes,No,One year,Yes,Credit card (automatic),109.86,2527.53,Yes
6752-JHXP,Female,0,Yes,Yes,71,Yes,Yes,Fiber optic,No,No,Yes,Yes,No,Yes,Two year,Yes,Bank transfer (automatic),119.9,8512.13,No
2072-EDRX,Male,0,Yes,Yes,2,Yes,Yes,Fiber optic,No,No,No,No,No,No,Month-to-month,No,Mailed check,108.94,219.53,Yes
7674-DGJY,Male,0,No,No,32,Yes,Yes,Fiber optic,No,Yes,Yes,Yes,No,No,Month-to-month,Yes,Bank transfer (automatic),116.32,3720.48,Yes
1145-SDJA,Female,1,No,Yes,8,Yes,No,DSL,No,No,No,No,Yes,No,Month-to-month,Yes,Electronic check,68.95,549.69,No
1482-LBAW,Female,0,No,No,25,Yes,Yes,DSL,No,No,Yes,No,No,No,Month-to-month,Yes,Credit card (automatic),77.49,1937.81,Yes
9853-PEOC,Male,0,No,No,72,Yes,Yes,Fiber optic,No,No,Yes,Yes,No,Yes,Two year,No,Electronic check,110.82,7978.52,No
1987-GKJI,Female,0,No,No,64,Yes,No,Fiber optic,No,No,Yes,Yes,Yes,Yes,Month-to-month,Yes,Bank transfer (automatic),123.96,7931.68,No
2100-YYBC,Male,0,Yes,No,3,Yes,No,No,No internet service,No internet service,No internet service,No internet service,No internet service,No internet service,Two year,No,Bank transfer (automatic),33.74,100.55,No
5358-URCJ,Female,0,Yes,No,41,No,No phone service,Fiber optic,No,No,No,Yes,No,Yes,Month-to-month,No,Mailed check,98.98,4056.23,No
7780-GIQK,Female,0,No,No,47,Yes,No,Fiber optic,No,No,No,No,Yes,Yes,Two year,No,Bank transfer (automatic),104.25,4900.86,No
3349-SDFJ,Female,0,Yes,Yes,15,Yes,No,No,No internet service,No internet service,No internet service,No internet service,No internet service,No internet service,Month-to-month,No,Credit card (automatic),32.85,491.86,No
7764-NDHE,Male,1,Yes,Yes,10,Yes,No,DSL,No,Yes,Yes,Yes,Yes,No,Month-to-month,Yes,Bank transfer (automatic),84.43,845.43,Yes
8843-CIHA,Female,0,No,Yes,66,Yes,No,Fiber optic,No,Yes,Yes,No,No,No,Month-to-month,Yes,Electronic check,108.57,7165.35,No
6189-IGDM,Male,0,Yes,No,70,Yes,Yes,DSL,No,No,No,No,Yes,No,Two year,No,Mailed check,75.66,5294.79,No
7704-BELU,Male,0,Yes,Yes,72,Yes,No,DSL,Yes,No,No,No,Yes,No,Month-to-month,No,Credit card (automatic),73.02,5259.8,No
8397-HRCV,Male,0,No,No,57,No,No phone service,Fiber optic,Yes,Yes,Yes,Yes,No,No,Month-to-month,No,Mailed check,109.39,6234.25,No
8979-CVFB,MALE,0,No,No,48,Yes,No,Fiber optic,No,No,Yes,No,No,No,Two year,No,Bank transfer (automatic),97.15,4662.91,Yes
6291-BFQC,male,0,Yes,No,25,Yes,Yes,Fiber optic,No,No,Yes,No,No,Yes,Two year,Yes,Mailed check,104.22,2607.92,No
5211-HVLD,Female,0,No,Yes,12,Yes,No,Fiber optic,No,No,No,No,Yes,No,Two year,Yes,Electronic check,104.46,1252.32,No
4374-YWPJ,Female,0,No,No,6,Yes,Yes,Fiber optic,No,No,No,Yes,No,Yes,Month-to-month,No,Electronic check,117.17,704.27,No
3493-YWPL,Male,0,No,Yes,50,Yes,No,DSL,Yes,Yes,Yes,Yes,No,No,Month-to-month,No,Credit card (automatic),83.46,4176.06,No
4719-TCPM,Male,0,Yes,No,57,Yes,Yes,Fiber optic,Yes,Yes,No,No,Yes,No,One year,Yes,Bank transfer (automatic),115.72,6598.16,No
8446-SHVE,Male,0,Yes,No,60,Yes,No,Fiber optic,No,Yes,No,No,Yes,No,Month-to-month,Yes,Electronic check,110.59,6630.39,No
7099-HXLA,Male,0,No,No,66,Yes,No,No,No internet service,No internet service,No internet service,No internet service,No internet service,No internet service,Month-to-month,Yes,Credit card (automatic),31.98,2111.51,No
1285-UTFV,Male,0,No,No,64,Yes,No,DSL,No,Yes,Yes,Yes,Yes,Yes,Month-to-month,Yes,Mailed check,88.3,5649.42,No
8121-HGAU,Female,0,No,Yes,72,Yes,No,DSL,No,Yes,No,No,No,No,Two year,Yes,Bank transfer (automatic),70.92,5108.19,No
3785-NDAW,Male,0,Yes,No,18,Yes,Yes,Fiber optic,No,No,Yes,No,No,Yes,Month-to-month,No,Electronic check,113.03,2034.86,No
7257-MBIU,male,0,Yes,No,55,Yes,Yes,No,No internet service,No internet service,No internet service,No internet service,No internet service,No internet service,One year,Yes,Credit card (automatic),35.75,1966.42,No
3817-YIAK,Male,0,No,No,42,Yes,Yes,Fiber optic,Yes,No,No,No,Yes,Yes,Month-to-month,No,Bank transfer (automatic),117.56,4940.09,No
6299-WDRW,Female,0,Yes,No,19,Yes,No,Fiber optic,No,Yes,Yes,No,No,No,One year,No,Bank transfer (automatic),108.73, ,No
9453-CVKO,female,0,No,No,71,Yes,No,No,No internet service,No internet service,No internet service,No internet service,No internet service,No internet service,One year,No,Electronic check,31.47,2234.41,No
5437-ETJL,Female,0,Yes,No,65,No,No phone service,No,No internet service,No internet service,No internet service,No internet service,No internet service,No internet service,Month-to-month,No,Electronic check,22.93,1490.47,No
1560-JFRM,female,0,Yes,No,9,Yes,Yes,Fiber optic,No,Yes,Yes,Yes,No,No,Month-to-month,Yes,Electronic check,119.93,1077.64,No
2826-XJNF,Male,0,No,No,2,Yes,Yes,Fiber optic,Yes,No,Yes,No,No,Yes,One year,No,Credit card (automatic),116.89,230.86,Yes
4138-PGTN,Male,0,No,No,50,Yes,No,DSL,Yes,Yes,Yes,Yes,No,Yes,Month-to-month,Yes,Electronic check,90.4,4521.84,No
9264-OUCB,Female,0,Yes,No,44,Yes,Yes,No,No internet service,No internet service,No internet service,No internet service,No internet service,No internet service,Two year,No,Bank transfer (automatic),36.62,1612.14,No
8002-BCRN,Male,0,Yes,No,68,Yes,No,Fiber optic,No,Yes,Yes,Yes,No,Yes,One year,Yes,Electronic check,117.1,7963.93,No
6907-RJYB,Female,0,No,Yes,17,Yes,Yes,No,No internet service,No internet service,No internet service,No internet service,No internet service,No internet service,One year,No,Electronic check,36.81,627.11,No
9984-VADN,Male,0,Yes,Yes,6,Yes,No,DSL,No,No,No,No,Yes,No,Month-to-month,Yes,Electronic check,64.69,389.79,No
5917-NTCC,Male,1,No,No,19,Yes,Yes,Fiber optic,No,No,Yes,No,Yes,Yes,Month-to-month,Yes,Credit card (automatic),118.11,2245.12,No
2960-FYMU,Female,0,No,No,1,Yes,No,Fiber optic,No,No,No,No,Yes,Yes,One year,Yes,Credit card (automatic),109.27,109.27,No
3529-HUBD,Female,0,Yes,No,2,Yes,No,Fiber optic,No,Yes,No,Yes,Yes,No,Month-to-month,No,Credit card (automatic),122.85,247.19,Yes
1536-ODML,Female,0,No,Yes,66,Yes,Yes,DSL,Yes,No,No,No,No,Yes,Two year,Yes,Credit card (automatic),81.32,5367.52,No
8967-MNTR,Male,0,Yes,Yes,25,Yes,No,Fiber optic,No,Yes,Yes,No,No,Yes,Two year,Yes,Electronic check,110.39,2757.63,No
4036-FKBW,Female,0,No,No,30,Yes,No,Fiber optic,No,No,Yes,Yes,No,Yes,Month-to-month,No,Credit card (automatic),106.44,3189.81,No
7610-SESB,Male,0,Yes,No,1,Yes,No,Fiber optic,Yes,No,Yes,No,No,No,Month-to-month,Yes,Mailed check,103.77,103.77,Yes
7488-BKRX,Male,0,No,Yes,19,Yes,No,DSL,No,No,Yes,Yes,No,Yes,Month-to-month,Yes,Credit card (automatic),78.5,1494.79,No
9648-WSIC,Male,0,Yes,No,58,Yes,Yes,Fiber optic,Yes,No,No,No,Yes,No,Two year,Yes,Electronic check,111.07,6438.01,No
6448-NSGP,Male,0,Yes,No,45,Yes,No,DSL,No,Yes,Yes,No,No,No,Month-to-month,Yes,Credit card (automatic),74.29,3344.85,No
9591-ADDG,Male,0,No,No,55,Yes,No,DSL,Yes,No,No,Yes,Yes,Yes,Month-to-month,No,Electronic check,83.79,4607.39,Yes
6671-QEGT,male,0,No,No,32,Yes,No,Fiber optic,No,No,No,No,No,No,One year,Yes,Electronic check,97.08,3104.54,Yes
4292-TDFG,Male,0,No,No,22,Yes,No,No,No internet service,No internet service,No internet service,No internet service,No internet service,No internet service,Month-to-month,No,Electronic check,31.58,694.3,No
8857-ETCG,Male,0,Yes,No,35,Yes,Yes,Fiber optic,Yes,Yes,No,Yes,No,Yes,Month-to-month,Yes,Electronic check,123.07,4310.64,Yes
2549-GEVE,Male,1,No,No,23,Yes,No,Fiber optic,Yes,No,No,No,No,Yes,Month-to-month,No,Mailed check,104.39,2401.23,Yes
5481-UVFO,Male,1,Yes,Yes,61,Yes,No,DSL,Yes,No,Yes,Yes,Yes,Yes,One year,No,Credit card (automatic),86.22,5261.52,No
7793-WXGE,Male,0,Yes,No,21,Yes,Yes,Fiber optic,No,No,No,No,Yes,No,Month-to-month,No,Bank transfer (automatic),107.05,2249.07,No
7356-RMUU,Female,0,No,No,48,Yes,No,DSL,Yes,Yes,No,Yes,No,No,Month-to-month,Yes,Electronic check,81.3,3902.8,No
3385-EMDQ,Male,1,Yes,No,10,Yes,No,No,No internet service,No internet service,No internet service,No internet service,No internet service,No internet service,Two year,Yes,Electronic check,30.88,308.62,No
5592-KUTW,male,0,No,No,50,Yes,Yes,No,No internet service,No internet service,No internet service,No internet service,No internet service,No internet service,Month-to-month,Yes,Mailed check,36.43,1821.13,No
8961-DBTP,male,0,No,No,66,Yes,Yes,Fiber optic,No,No,Yes,No,Yes,Yes,One year,No,Credit card (automatic),117.42,7751.59,No
1593-HCIT,Female,1,No,No,44,Yes,No,Fiber optic,Yes,Yes,No,No,No,No,Month-to-month,Yes,Electronic check,107.32,4718.97,No
4493-JUJM,Female,0,No,Yes,40,Yes,Yes,Fiber optic,No,No,No,Yes,No,No,Month-to-month,No,Mailed check,111.01,4437.56,No
3672-IQXI,Female,0,No,No,70,Yes,Yes,Fiber optic,Yes,Yes,Yes,No,No,Yes,Month-to-month,Yes,Electronic check,126.76,8873.3,No
9616-ABPA,Female,0,Yes,No,45,No,No phone service,DSL,No,No,Yes,Yes,Yes,No,One year,Yes,Mailed check,70.67,3179.04,No
8177-RHUK,Male,0,No,No,19,Yes,Yes,DSL,No,No,No,No,Yes,No,Month-to-month,Yes,Electronic check,78.63,1494.85,Yes
1775-VHQO,Female,1,Yes,No,21,Yes,Yes,Fiber optic,Yes,No,Yes,No,Yes,No,Month-to-month,Yes,Electronic check,116.52,2444.87,Yes
9080-WXMS,Female,0,Yes,No,51,Yes,No,No,No internet service,No internet service,No internet service,No internet service,No internet service,No internet service,Month-to-month,No,Electronic check,32.84,1673.62,No
8083-AWEH,MALE,0,No,Yes,53,Yes,No,DSL,Yes,No,Yes,No,No,Yes,Month-to-month,Yes,Electronic check,78.16,4144.63,Yes
5940-HYWK,male,0,No,No,22,Yes,No,DSL,No,Yes,No,No,Yes,No,Month-to-month,Yes,Electronic check,75.89,1668.61,Yes
4456-MSXC,Male,0,No,No,25,Yes,No,Fiber optic,Yes,Yes,No,No,Yes,Yes,One year,Yes,Bank transfer (automatic),120.58,3012.52,No
3711-QETU,Female,0,Yes,No,72,Yes,No,No,No internet service,No internet service,No internet service,No internet service,No internet service,No internet service,Month-to-month,No,Electronic check,32.06,2308.14,No
1365-DKTO,Female,0,No,No,7,Yes,Yes,DSL,No,Yes,No,No,Yes,Yes,One year,Yes,Electronic check,82.11,575.43,No
6330-GSSK,Female,1,Yes,No,29,Yes,No,DSL,No,Yes,No,No,No,Yes,Month-to-month,Yes,Electronic check,69.98,2030.2,No
9964-VHJF,Male,0,No,No,4,Yes,Yes,Fiber optic,Yes,No,No,No,Yes,No,Month-to-month,No,Credit card (automatic),115.23,464.89,No
7511-QHHY,Male,0,No,No,59,Yes,Yes,Fiber optic,Yes,No,No,No,Yes,No,Two year,Yes,Bank transfer (automatic),111.91,6601.86,No
3376-BORC,Male,0,No,Yes,6,Yes,No,DSL,Yes,No,Yes,No,Yes,No,Month-to-month,Yes,Bank transfer (automatic),79.39,475.93,Yes
2827-DNII,Male,0,Yes,No,49,Yes,No,DSL,No,No,No,No,Yes,No,Month-to-month,Yes,Mailed check,74.5,3647.89,No
9569-WRJU,Female,0,Yes,Yes,4,Yes,No,Fiber optic,No,Yes,Yes,Yes,Yes,Yes,One year,No,Electronic check,119.22,478.25,No
4747-LHBV,Female,0,Yes,Yes,49,No,No phone service,Fiber optic,Yes,No,Yes,Yes,No,No,Two year,No,Electronic check,105.96,5190.3,No
1780-UPBK,Male,0,No,Yes,61,Yes,No,No,No internet service,No internet service,No internet service,No internet service,No internet service,No internet service,Month-to-month,No,Mailed check,31.26, ,No
1521-OQHR,Female,0,No,No,29,Yes,No,Fiber optic,Yes,No,Yes,Yes,Yes,No,Two year,No,Bank transfer (automatic),117.29,3405.98,No
6784-HNYR,Male,0,Yes,No,38,No,No phone service,DSL,No,No,No,No,No,No,One year,No,Credit card (automatic),51.74,1965.67,No
3461-TULS,Female,0,No,Yes,29,Yes,No,Fiber optic,Yes,Yes,No,No,No,Yes,Month-to-month,Yes,Credit card (automatic),110.02,3192.65,No
1685-QXUC,male,0,No,Yes,22,Yes,No,Fiber optic,No,No,Yes,No,No,No,One year,Yes,Mailed check,104.65,2300.85,Yes
6341-WGQL,Male,0,No,No,58,Yes,Yes,DSL,No,Yes,No,No,No,No,Month-to-month,Yes,Mailed check,78.88,4576.6,Yes
2256-ORUM,Male,0,No,Yes,20,Yes,Yes,No,No internet service,No internet service,No internet service,No internet service,No internet service,No internet service,Month-to-month,Yes,Electronic check,37.42,747.26,No
8165-UHNH,Male,0,No,No,52,Yes,No,No,No internet service,No internet service,No internet service,No internet service,No internet service,No internet service,Month-to-month,No,Electronic check,32.31,1680.47,No
7381-GWLK,Male,1,Yes,Yes,15,Yes,No,DSL,Yes,Yes,Yes,No,No,No,One year,No,Credit card (automatic),87.65,1317.7,No
9789-VKYV,Female,0,Yes,No,18,Yes,Yes,DSL,Yes,Yes,No,No,No,No,Month-to-month,Yes,Electronic check,81.68,1469.67,Yes
8003-MRBU,Female,0,Yes,No,24,Yes,Yes,DSL,No,Yes,No,Yes,No,No,Month-to-month,Yes,Credit card (automatic),77.2,1852.69,Yes
5558-TROS,Female,0,No,No,43,Yes,Yes,DSL,No,Yes,Yes,No,Yes,Yes,Two year,No,Mailed check,84.95,3652.38,No
5183-LMVK,Male,0,No,No,33,Yes,No,Fiber optic,No,No,No,Yes,No,Yes,One year,Yes,Mailed check,109.52,3616.51,No
2724-AXCV,Female,0,No,No,54,Yes,No,Fiber optic,No,No,No,No,Yes,Yes,Two year,Yes,Electronic check,102.37,5526.19,No
3066-WGLO,Male,0,Yes,Yes,15,Yes,No,No,No internet service,No internet service,No internet service,No internet service,No internet service,No internet service,Month-to-month,No,Bank transfer (automatic),31.0,465.64,No
8295-EOHJ,Male,0,Yes,No,1,Yes,No,DSL,No,Yes,No,Yes,No,No,Month-to-month,Yes,Mailed check,75.91,75.91,No
8353-PHAL,Female,0,Yes,No,56,Yes,No,Fiber optic,Yes,No,Yes,Yes,Yes,No,Month-to-month,No,Mailed check,122.16,6843.29,No
1514-ADHC,Female,0,Yes,Yes,60,Yes,No,No,No internet service,No internet service,No internet service,No internet service,No internet service,No internet service,Two year,No,Electronic check,31.71,1902.11,No
6343-JBKY,Male,0,No,Yes,4,Yes,Yes,Fiber optic,No,No,Yes,No,No,Yes,Month-to-month,Yes,Electronic check,108.18,430.4,No
4081-UNGB,Male,0,No,No,44,Yes,Yes,DSL,No,No,Yes,Yes,Yes,No,Two year,Yes,Mailed check,84.56,3720.71,No
3159-MITD,Female,0,No,Yes,27,Yes,No,DSL,No,Yes,Yes,No,No,No,Month-to-month,No,Electronic check,74.18,2005.75,No
3649-VLQN,Male,0,No,No,58,Yes,Yes,DSL,No,No,No,No,No,Yes,Two year,Yes,Bank transfer (automatic),75.35,4368.33,No
2037-YBUY,Male,0,Yes,No,63,Yes,No,No,No internet service,No internet service,No internet service,No internet service,No internet service,No internet service,Two year,Yes,Bank transfer (automatic),30.8,1941.27,No
3634-PSWF,Female,0,Yes,No,62,Yes,No,No,No internet service,No internet service,No internet service,No internet service,No internet service,No internet service,Two year,No,Electronic check,31.16,1931.75,No
8378-EDOD,Male,0,Yes,No,56,Yes,Yes,No,No internet service,No internet service,No internet service,No internet service,No internet service,No internet service,Month-to-month,Yes,Bank transfer (automatic),38.02,2129.18,No
2929-XVCE,male,1,No,No,19,Yes,No,No,No internet service,No internet service,No internet service,No internet service,No internet service,No internet service,One year,Yes,Electronic check,32.76,622.04,No
8909-UVHG,Male,0,No,Yes,59,Yes,No,Fiber optic,Yes,No,Yes,Yes,No,Yes,Month-to-month,Yes,Bank transfer (automatic),122.66,7238.8,No
6891-YMTQ,Female,0,Yes,No,39,Yes,Yes,No,No internet service,No internet service,No internet service,No internet service,No internet service,No internet service,Month-to-month,Yes,Electronic check,35.15,1369.83,Yes
3563-NCXE,Female,0,Yes,Yes,4,No,No phone service,No,No internet service,No internet service,No internet service,No internet service,No internet service,No internet service,Month-to-month,Yes,Electronic check,21.11,84.26,Yes
5431-WTDX,Female,0,Yes,No,33,Yes,No,Fiber optic,Yes,No,No,Yes,No,Yes,One year,Yes,Electronic check,116.96,3859.82,Yes
1161-RSSQ,female,0,Yes,No,68,Yes,No,DSL,No,Yes,No,Yes,Yes,Yes,Month-to-month,Yes,Bank transfer (automatic),86.78,5902.56,Yes
4390-NSVX,Female,0,Yes,Yes,64,Yes,Yes,Fiber optic,No,No,Yes,No,Yes,No,Two year,Yes,Electronic check,114.63,7335.91,No
1541-FUDS,Male,0,Yes,No,7,Yes,Yes,DSL,Yes,No,No,No,Yes,Yes,Month-to-month,No,Electronic check,83.91,587.61,Yes
9623-MDWQ,Male,0,Yes,Yes,54,Yes,No,DSL,No,Yes,Yes,Yes,Yes,Yes,Month-to-month,No,Mailed check,88.14,4757.33,No
2169-TQOK,Female,0,No,No,58,Yes,No,No,No internet service,No internet service,No internet service,No internet service,No internet service,No internet service,Month-to-month,Yes,Electronic check,32.03,1857.67,No
2019-VMAQ,Female,0,No,No,20,Yes,No,No,No internet service,No internet service,No internet service,No internet service,No internet service,No internet service,Two year,Yes,Bank transfer (automatic),31.55,632.12,No
2283-TPOO,Female,0,Yes,No,34,Yes,No,DSL,No,No,No,Yes,No,No,Month-to-month,No,Mailed check,71.58,2435.55,Yes
2733-ONKG,Female,0,Yes,Yes,51,No,No phone service,Fiber optic,No,Yes,No,No,No,Yes,Two year,No,Credit card (automatic),98.15,5006.66,No
4471-EYTJ,Male,0,Yes,No,32,No,No phone service,No,No internet service,No internet service,No internet service,No internet service,No internet service,No internet service,Month-to-month,No,Electronic check,21.03,673.23,No
3097-CMKQ,Male,0,Yes,No,8,Yes,No,Fiber optic,Yes,Yes,No,Yes,No,No,Two year,No,Electronic check,115.54,927.36,No
7397-VMFQ,Male,0,Yes,No,51,Yes,Yes,Fiber optic,No,No,No,No,Yes,No,Month-to-month,Yes,Bank transfer (automatic),113.02,5761.98,Yes
9186-MSUS,Male,0,No,No,66,Yes,No,Fiber optic,No,Yes,No,Yes,Yes,Yes,Month-to-month,Yes,Bank transfer (automatic),123.28,8133.73,No
2449-CNSE,Male,0,No,Yes,47,No,No phone service,No,No internet service,No internet service,No internet service,No internet service,No internet service,No internet service,One year,No,Electronic check,22.67,1066.27,No
8999-ETQU,FEMALE,0,No,No,56,Yes,Yes,No,No internet service,No internet service,No internet service,No internet service,No internet service,No internet service,Two year,No,Bank transfer (automatic),37.69,2110.39,No
9895-EDFD,Female,1,Yes,No,26,Yes,Yes,Fiber optic,Yes,No,No,No,No,Yes,Month-to-month,Yes,Credit card (automatic),108.36, ,Yes
8462-RCAX,Male,0,No,No,13,No,No phone service,DSL,Yes,No,No,Yes,No,No,Two year,Yes,Electronic check,62.99,818.85,No
4384-DFIV,Male,0,Yes,No,47,Yes,No,No,No internet service,No internet service,No internet service,No internet service,No internet service,No internet service,Month-to-month,Yes,Bank transfer (automatic),31.83,1495.58,No
1685-LYTX,MALE,0,Yes,No,24,Yes,No,DSL,No,Yes,No,No,No,Yes,One year,Yes,Electronic check,76.78,1844.29,No
7868-XLJV,male,0,No,No,62,Yes,Yes,Fiber optic,No,No,Yes,Yes,No,No,Month-to-month,Yes,Credit card (automatic),110.6,6861.05,No
5998-CWNX,Female,1,No,Yes,9,No,No phone service,DSL,No,Yes,No,No,Yes,No,Month-to-month,No,Mailed check,64.08,575.69,Yes
1905-PPVJ,Female,0,No,Yes,31,Yes,No,Fiber optic,Yes,Yes,No,No,Yes,Yes,Month-to-month,No,Electronic check,120.24,3728.9,Yes
8896-MFLI,Female,0,No,No,29,Yes,No,Fiber optic,Yes,Yes,No,No,Yes,No,Two year,No,Mailed check,113.55,3288.96,No
6347-XKTR,FEMALE,0,No,No,68,Yes,No,DSL,Yes,No,No,No,Yes,No,Two year,No,Credit card (automatic),76.0,5168.54,No
3297-KYUD,Female,0,No,No,11,Yes,Yes,No,No internet service,No internet service,No internet service,No internet service,No internet service,No internet service,Month-to-month,Yes,Bank transfer (automatic),36.22,399.92,No
1689-AGFO,Male,1,No,No,0,Yes,No,DSL,No,No,No,No,No,No,Two year,No,Electronic check,64.04,,No
1671-XKTX,Male,0,No,No,17,Yes,Yes,No,No internet service,No internet service,No internet service,No internet service,No internet service,No internet service,Month-to-month,No,Bank transfer (automatic),36.53,621.42,No
7342-UJLX,Male,1,No,Yes,59,No,No phone service,No,No internet service,No internet service,No internet service,No internet service,No internet service,No internet service,One year,Yes,Bank transfer (automatic),22.0,1297.74,No
7285-YEUR,Female,0,No,No,15,Yes,Yes,DSL,No,No,No,No,No,No,Month-to-month,No,Electronic check,68.7,1030.12,Yes
4670-EXQS,Male,0,No,No,17,Yes,No,Fiber optic,Yes,No,No,Yes,Yes,No,One year,Yes,Electronic check,110.72,1882.67,No
9562-YULY,Male,0,Yes,Yes,9,Yes,No,DSL,No,Yes,No,No,No,Yes,Month-to-month,No,Mailed check,75.38,678.39,Yes
7588-IARU,Female,0,No,Yes,52,Yes,No,Fiber optic,No,No,Yes,Yes,Yes,No,Month-to-month,Yes,Mailed check,121.39,6314.09,No
8875-JYGV,Female,0,Yes,No,5,Yes,No,Fiber optic,Yes,No,No,No,Yes,No,One year,Yes,Electronic check,110.33,551.14,No
4062-AQXB,Female,0,Yes,Yes,24,Yes,Yes,DSL,No,Yes,Yes,No,Yes,No,Two year,Yes,Bank transfer (automatic),79.66,1913.16,No
7171-KIGV,Male,0,Yes,No,20,Yes,No,Fiber optic,Yes,Yes,No,No,No,Yes,One year,Yes,Mailed check,114.41,2289.37,Yes
5624-BFNF,Male,0,No,Yes,40,Yes,Yes,Fiber optic,Yes,No,Yes,No,Yes,Yes,Two year,Yes,Electronic check,120.94,4834.32,No
4648-JUEB,Male,0,No,No,53,Yes,No,No,No internet service,No internet service,No internet service,No internet service,No internet service,No internet service,Two year,Yes,Electronic check,31.06,1646.03,No
4137-JBPP,male,0,Yes,No,39,Yes,Yes,DSL,No,No,No,No,No,No,Month-to-month,Yes,Bank transfer (automatic),72.11,2813.21,Yes
4750-VLXO,male,0,Yes,No,67,No,No phone service,Fiber optic,No,Yes,Yes,No,Yes,Yes,Month-to-month,Yes,Bank transfer (automatic),108.31,7253.47,No
9103-FJCS,Male,0,Yes,Yes,69,Yes,No,DSL,No,No,No,No,No,No,One year,Yes,Bank transfer (automatic),72.46,4998.9,No
2854-QGUT,Female,0,No,Yes,26,Yes,No,No,No internet service,No internet service,No internet service,No internet service,No internet service,No internet service,Two year,No,Electronic check,31.89,828.82,No
6774-XHUO,Male,0,Yes,No,56,Yes,No,DSL,No,Yes,Yes,No,Yes,Yes,Two year,No,Bank transfer (automatic),84.32,4723.66,No
2749-TNIH,Female,1,Yes,No,54,Yes,No,Fiber optic,Yes,No,No,No,Yes,Yes,Two year,No,Credit card (automatic),117.79,6360.45,No
3105-QBYX,Female,0,Yes,Yes,65,Yes,No,DSL,Yes,No,No,No,No,No,One year,No,Mailed check,70.07,4555.31,No
4970-HLAJ,Male,0,No,Yes,32,Yes,Yes,Fiber optic,No,No,No,No,No,No,One year,Yes,Electronic check,98.77,3167.3,No
3274-FGTW,Female,0,Yes,No,38,Yes,Yes,No,No internet service,No internet service,No internet service,No internet service,No internet service,No internet service,Month-to-month,Yes,Bank transfer (automatic),36.12,1372.34,No
7744-RKSE,Male,0,No,No,30,Yes,No,Fiber optic,No,Yes,No,No,No,Yes,Month-to-month,Yes,Electronic check,106.69,3200.51,No
3551-LJHX,male,1,Yes,Yes,62,Yes,Yes,Fiber optic,No,No,No,No,No,No,One year,No,Electronic check,105.63,6550.24,No
3555-IDEU,Female,0,No,Yes,16,Yes,No,Fiber optic,Yes,No,Yes,No,No,No,Two year,No,Electronic check,113.09,1809.48,Yes
8239-WIOO,Male,0,Yes,No,17,Yes,Yes,No,No internet service,No internet service,No internet service,No internet service,No internet service,No internet service,Two year,Yes,Electronic check,37.8,642.2,No
7063-NHRJ,Female,0,No,No,27,Yes,Yes,Fiber optic,No,No,No,No,No,No,Month-to-month,Yes,Mailed check,105.27,2841.17,Yes
7971-TFLB,Male,0,Yes,No,17,Yes,No,No,No internet service,No internet service,No internet service,No internet service,No internet service,No internet service,Two year,No,Electronic check,33.1,562.95,No
3822-PCMC,Female,0,No,No,41,Yes,No,Fiber optic,Yes,No,No,Yes,No,No,Two year,Yes,Credit card (automatic),110.48,4522.71,No
1282-RKHF,Male,0,No,Yes,10,Yes,No,Fiber optic,No,No,No,No,Yes,No,One year,Yes,Mailed check,99.39,994.89,No
4200-WHEP,Male,0,No,No,23,Yes,No,DSL,No,No,No,Yes,Yes,No,Month-to-month,No,Bank transfer (automatic),74.34,1709.0,Yes
4690-EDFN,Male,1,No,No,66,Yes,No,Fiber optic,Yes,No,No,Yes,Yes,No,One year,Yes,Mailed check,110.94,7320.52,No
6906-ILKN,Female,0,Yes,No,30,No,No phone service,DSL,No,No,No,Yes,Yes,No,One year,No,Bank transfer (automatic),68.79,2061.61,No
8183-AMWU,Female,0,No,No,54,Yes,Yes,No,No internet service,No internet service,No internet service,No internet service,No internet service,No internet service,One year,Yes,Mailed check,36.05,1947.02,No
4604-MBDF,Female,0,No,Yes,8,Yes,Yes,Fiber optic,No,No,No,No,Yes,Yes,One year,No,Bank transfer (automatic),109.26,874.11,No
2529-WEYC,Male,0,Yes,No,18,Yes,No,No,No internet service,No internet service,No internet service,No internet service,No internet service,No internet service,Two year,No,Credit card (automatic),32.17,578.66,No
4864-TBEC,Female,1,No,No,58,Yes,No,DSL,No,Yes,Yes,No,No,No,Month-to-month,Yes,Bank transfer (automatic),80.79,4687.75,Yes
1264-TFRF,Female,0,Yes,No,55,Yes,No,DSL,Yes,No,No,Yes,Yes,No,Month-to-month,No,Mailed check,82.2,4521.28,No
8544-KBOL,Female,0,Yes,No,28,Yes,No,No,No internet service,No internet service,No internet service,No internet service,No internet service,No internet service,One year,No,Credit card (automatic),33.04,925.53,No
3504-UXBV,Male,0,Yes,Yes,69,Yes,Yes,Fiber optic,No,No,Yes,No,No,No,Month-to-month,No,Mailed check,103.57,7147.71,No
1587-PUXA,Female,0,Yes,No,66,Yes,Yes,Fiber optic,No,Yes,No,Yes,Yes,No,Two year,Yes,Electronic check,120.68,7963.81,No
2715-BISO,Female,1,No,No,70,No,No phone service,No,No internet service,No internet service,No internet service,No internet service,No internet service,No internet service,Month-to-month,Yes,Electronic check,20.89,1461.85,No
6433-KYWP,Male,0,Yes,No,31,Yes,No,Fiber optic,No,Yes,No,Yes,No,No,Month-to-month,Yes,Credit card (automatic),110.92,3438.0,No
7416-ELKO,Female,0,Yes,No,14,Yes,No,DSL,Yes,Yes,No,Yes,Yes,No,Two year,No,Electronic check,80.29,1125.01,Yes
9915-PBBC,Female,1,Yes,No,45,Yes,Yes,No,No internet service,No internet service,No internet service,No internet service,No internet service,No internet service,Month-to-month,No,Credit card (automatic),36.66,1648.62,No
1155-OGFI,Male,1,No,No,50,Yes,Yes,DSL,No,No,Yes,No,Yes,Yes,Two year,Yes,Electronic check,78.84,3944.46,No
6779-AHWW,Male,0,No,Yes,9,Yes,Yes,No,No internet service,No internet service,No internet service,No internet service,No internet service,No internet service,One year,Yes,Mailed check,36.12,325.74,No
9831-CDYO,Male,0,Yes,Yes,57,Yes,No,DSL,No,Yes,No,No,No,Yes,Month-to-month,No,Bank transfer (automatic),70.73,4029.92,No
6925-OUCY,Female,0,Yes,No,1,Yes,No,Fiber optic,Yes,No,No,Yes,Yes,Yes,Two year,Yes,Electronic check,120.6,120.6,No
1948-NTND,Female,0,Yes,Yes,35,Yes,No,DSL,No,Yes,No,Yes,No,Yes,Month-to-month,Yes,Bank transfer (automatic),80.28,2808.24,No
1459-QGIC,Male,1,No,No,24,Yes,No,Fiber optic,No,Yes,Yes,No,Yes,Yes,Month-to-month,Yes,Bank transfer (automatic),116.13,2786.83,No
2787-MORS,Female,0,No,No,54,Yes,No,DSL,No,No,Yes,No,No,Yes,Month-to-month,Yes,Mailed check,75.35,4067.91,No
5741-WBXN,Female,0,Yes,No,23,Yes,No,No,No internet service,No internet service,No internet service,No internet service,No internet service,No internet service,Month-to-month,No,Mailed check,31.17,717.51,No
3597-NDUH,Male,0,Yes,Yes,60,Yes,Yes,Fiber optic,No,No,No,Yes,Yes,No,Two year,Yes,Electronic check,114.29,6854.83,No
6661-NTQY,Female,0,No,No,43,Yes,Yes,DSL,No,Yes,No,No,Yes,No,Two year,Yes,Mailed check,79.77,3430.38,No
1423-XNFW,female,0,No,Yes,58,Yes,Yes,Fiber optic,No,Yes,No,No,Yes,No,Month-to-month,No,Electronic check,122.12,7079.97,No
5757-PYSN,Female,0,Yes,No,72,Yes,No,Fiber optic,No,No,No,No,No,Yes,One year,Yes,Electronic check,109.53,7889.4,No
3946-JSIT,Female,0,Yes,No,49,Yes,No,DSL,No,No,Yes,No,No,No,Two year,Yes,Credit card (automatic),72.82,3567.55,No
8230-IWYS,Female,0,Yes,No,71,Yes,No,DSL,Yes,No,Yes,No,No,No,Two year,No,Bank transfer (automatic),75.88,5389.58,No
3990-TNXF,Female,0,No,No,2,No,No phone service,Fiber optic,No,Yes,No,No,No,No,Month-to-month,No,Bank transfer (automatic),94.68,192.07,Yes
2460-DHQI,Male,0,No,Yes,24,Yes,No,DSL,Yes,Yes,Yes,No,Yes,Yes,Two year,Yes,Bank transfer (automatic),93.72,2248.02,No
7816-XTYN,Female,0,No,No,8,Yes,Yes,DSL,No,Yes,No,No,No,No,Month-to-month,Yes,Electronic check,75.86,607.42,Yes
2762-INID,FEMALE,0,No,Yes,19,Yes,No,DSL,No,Yes,Yes,Yes,Yes,No,One year,Yes,Bank transfer (automatic),86.05,1635.37,No
9259-HBIN,Female,0,Yes,No,61,Yes,No,Fiber optic,No,No,Yes,No,Yes,No,Two year,No,Bank transfer (automatic),105.69,6445.42,Yes
6717-IXWP,Male,0,No,Yes,2,No,No phone service,Fiber optic,Yes,Yes,Yes,No,Yes,Yes,Month-to-month,Yes,Electronic check,110.25,223.1,Yes
3524-QPLC,Female,0,No,No,38,Yes,No,DSL,No,No,Yes,No,Yes,Yes,Month-to-month,Yes,Credit card (automatic),79.68,3027.52,No
1778-NRUU,Male,0,Yes,No,41,Yes,Yes,No,No internet service,No internet service,No internet service,No internet service,No internet service,No internet service,Month-to-month,Yes,Mailed check,34.39,1408.89,No
2348-PTEC,Female,0,No,No,41,Yes,No,No,No internet service,No internet service,No internet service,No internet service,No internet service,No internet service,Month-to-month,No,Electronic check,31.97,1311.05,No
8851-AUII,male,1,Yes,No,34,Yes,No,DSL,No,No,No,No,No,No,Month-to-month,Yes,Mailed check,64.27,2182.71,No
5577-XAHM,Male,0,Yes,No,57,Yes,No,DSL,No,No,Yes,No,No,No,One year,Yes,Mailed check,72.64,4140.37,No
1342-OHLV,Male,0,No,Yes,9,Yes,No,No,No internet service,No internet service,No internet service,No internet service,No internet service,No internet service,Month-to-month,Yes,Electronic check,33.22,299.16,No
7317-OOIS,Male,1,No,No,22,Yes,No,Fiber optic,No,Yes,No,Yes,No,No,Month-to-month,Yes,Bank transfer (automatic),118.29,2603.31,Yes
7748-VHUS,Female,0,No,Yes,45,Yes,Yes,DSL,Yes,No,No,Yes,No,No,Month-to-month,No,Credit card (automatic),81.74,3677.7,No
4740-SDWG,Female,0,Yes,No,50,Yes,Yes,Fiber optic,No,Yes,No,No,No,No,Month-to-month,No,Bank transfer (automatic),108.61,5431.35,No
1771-VLMC,Female,0,No,No,29,Yes,Yes,Fiber optic,No,No,No,No,Yes,Yes,Month-to-month,No,Credit card (automatic),110.74,3206.09,Yes
1193-XBWI,Male,1,No,No,63,No,No phone service,DSL,No,No,No,No,Yes,Yes,One year,No,Credit card (automatic),61.85,3894.44,No
5005-FVYR,Male,0,Yes,No,30,Yes,Yes,Fiber optic,Yes,No,Yes,No,Yes,No,Month-to-month,Yes,Credit card (automatic),121.66,3651.15,No
7716-LFHS,Female,0,No,No,29,Yes,No,Fiber optic,No,No,Yes,No,Yes,Yes,Two year,No,Electronic check,112.89,3274.87,No
4451-JAYM,Female,0,No,No,2,Yes,No,Fiber optic,Yes,Yes,Yes,Yes,Yes,No,Month-to-month,Yes,Mailed check,124.7,250.82,Yes
3800-CHNC,Male,0,Yes,Yes,40,Yes,No,No,No internet service,No internet service,No internet service,No internet service,No internet service,No internet service,Two year,Yes,Electronic check,32.02,1280.8,No
2455-MTXQ,MALE,0,No,No,51,Yes,Yes,DSL,No,No,Yes,No,No,Yes,Month-to-month,No,Mailed check,80.13,4086.42,Yes
7796-FQNQ,Male,0,Yes,No,8,Yes,No,Fiber optic,No,No,No,No,No,No,Two year,No,Credit card (automatic),98.88,790.95,No
2159-KTAG,Female,0,Yes,No,22,Yes,Yes,Fiber optic,Yes,Yes,No,Yes,Yes,Yes,One year,No,Electronic check,129.69,2853.09,Yes
1340-UQJK,Female,0,Yes,No,57,Yes,Yes,Fiber optic,No,Yes,Yes,No,No,Yes,Two year,No,Bank transfer (automatic),121.76,6943.79,No
7376-IXEQ,Male,0,No,Yes,26,Yes,No,DSL,No,No,No,Yes,No,No,One year,No,Bank transfer (automatic),66.3,1725.08,No
5648-QXUS,Male,0,Yes,No,17,Yes,No,Fiber optic,Yes,Yes,Yes,No,Yes,No,Two year,Yes,Electronic check,120.34,2043.87,Yes
1182-IGMK,Female,1,No,No,49,Yes,Yes,DSL,Yes,No,No,Yes,Yes,Yes,One year,No,Electronic check,86.14,4218.06,No
2517-SKMN,Male,0,Yes,Yes,14,Yes,Yes,DSL,Yes,No,Yes,No,Yes,Yes,Two year,No,Mailed check,92.1,1288.29,No
4628-AHLS,Male,0,No,Yes,65,Yes,No,DSL,No,No,Yes,No,Yes,No,Two year,No,Electronic check,75.96,4938.26,No
7132-MLPA,Female,0,No,No,7,Yes,Yes,Fiber optic,Yes,Yes,No,Yes,Yes,Yes,One year,No,Bank transfer (automatic),127.69,892.65,No
7246-EHYN,Male,0,No,No,51,Yes,Yes,DSL,No,No,No,No,No,Yes,Month-to-month,Yes,Mailed check,74.89,3823.32,No
4741-MOWQ,Male,0,Yes,No,36,Yes,No,Fiber optic,Yes,No,Yes,Yes,No,No,Month-to-month,No,Mailed check,113.55,4085.08,No
6806-TRRB,Female,0,No,No,63,Yes,Yes,DSL,Yes,Yes,No,No,Yes,Yes,Two year,Yes,Electronic check,93.27,5877.21,No
6443-ADRE,female,0,No,No,9,Yes,Yes,DSL,No,Yes,No,No,Yes,Yes,Month-to-month,No,Mailed check,88.01,791.39,Yes
2774-HTQA,Female,0,No,Yes,49,Yes,No,DSL,No,No,Yes,No,Yes,No,One year,Yes,Electronic check,77.66,3805.91,No
1331-SOIG,Female,0,No,No,41,Yes,No,DSL,Yes,No,Yes,No,No,Yes,Month-to-month,Yes,Credit card (automatic),75.96,3114.45,No
6889-IJBS,female,1,No,Yes,35,Yes,No,Fiber optic,No,Yes,No,Yes,No,No,Month-to-month,Yes,Mailed check,110.3,3861.99,Yes
5658-VIYG,Female,1,Yes,No,36,No,No phone service,Fiber optic,Yes,Yes,No,No,No,Yes,One year,Yes,Credit card (automatic),93.41,3363.89,No
1770-TFUB,Male,0,No,No,52,Yes,Yes,No,No internet service,No internet service,No internet service,No internet service,No internet service,No internet service,One year,Yes,Bank transfer (automatic),34.87,1812.15,Yes
2628-FCPH,Female,0,No,No,68,Yes,Yes,No,No internet service,No internet service,No internet service,No internet service,No internet service,No internet service,Month-to-month,Yes,Bank transfer (automatic),38.12,2592.11,No
7401-QILC,Female,0,Yes,No,6,Yes,Yes,Fiber optic,No,No,No,No,Yes,Yes,Month-to-month,Yes,Electronic check,107.21,640.97,No
3282-AWMO,Male,1,Yes,No,1,Yes,Yes,Fiber optic,Yes,No,Yes,No,No,Yes,Month-to-month,Yes,Electronic check,117.28,117.28,Yes
6476-UQYW,Male,0,Yes,Yes,58,Yes,No,DSL,No,No,Yes,Yes,Yes,No,One year,Yes,Mailed check,84.21,4887.73,No
2431-YFUV,Male,1,No,No,8,Yes,No,Fiber optic,No,No,No,No,No,No,Month-to-month,Yes,Electronic check,100.34,800.43,Yes
2130-RDCM,Male,0,No,Yes,72,Yes,No,Fiber optic,No,Yes,No,No,Yes,No,One year,No,Credit card (automatic),109.48,7877.75,No
9566-IUFL,Male,1,Yes,No,45,Yes,Yes,DSL,Yes,Yes,No,Yes,No,Yes,One year,Yes,Mailed check,89.84,4041.77,No
2823-CCLO,Female,0,Yes,No,47,Yes,Yes,DSL,Yes,No,No,Yes,No,No,Two year,Yes,Credit card (automatic),80.38,3777.72,No
6160-WHKP,Female,0,Yes,No,14,Yes,No,DSL,Yes,Yes,No,No,Yes,Yes,Month-to-month,Yes,Bank transfer (automatic),83.12,1165.04,Yes
2141-DAXG,Male,0,Yes,No,17,Yes,Yes,Fiber optic,No,Yes,No,No,Yes,No,Month-to-month,Yes,Electronic check,111.08,1889.79,Yes
4361-XEGD,Male,0,Yes,No,48,Yes,No,Fiber optic,No,No,No,No,No,Yes,Month-to-month,No,Bank transfer (automatic),103.35,4961.25,No
7564-XAAO,Male,0,No,Yes,66,Yes,No,Fiber optic,No,No,Yes,Yes,Yes,No,Month-to-month,Yes,Electronic check,113.93,7519.64,No
6906-JRCK,Female,0,Yes,No,71,Yes,No,Fiber optic,No,No,Yes,No,Yes,No,Month-to-month,Yes,Electronic check,107.37,7623.76,No
2829-EHBP,Male,0,No,No,14,Yes,No,Fiber optic,No,No,No,No,No,No,Two year,Yes,Electronic check,89.05,1247.52,Yes
4699-XLFA,Male,0,No,No,10,No,No phone service,Fiber optic,Yes,No,No,No,No,No,Month-to-month,No,Credit card (automatic),99.26,992.84,Yes
2054-DQMR,Male,0,Yes,No,4,Yes,No,DSL,No,No,No,No,No,No,Month-to-month,No,Mailed check,67.81,270.85,No
7980-XXCK,Male,0,No,No,63,Yes,Yes,Fiber optic,No,Yes,Yes,No,No,No,Month-to-month,Yes,Bank transfer (automatic),112.18,7065.62,No
5652-DNVK,Male,0,No,No,21,Yes,Yes,Fiber optic,No,No,Yes,No,No,Yes,Two year,Yes,Electronic check,116.87,2453.36,No
7591-JSRF,Female,0,No,Yes,0,Yes,No,Fiber optic,Yes,No,Yes,No,Yes,No,Month-to-month,Yes,Mailed check,111.57,,Yes
7268-OUJE,Female,1,Yes,No,16,Yes,Yes,Fiber optic,Yes,Yes,No,No,No,Yes,Month-to-month,No,Mailed check,119.27,1909.19,Yes
3169-EJEC,Female,0,Yes,No,25,Yes,No,Fiber optic,Yes,No,Yes,Yes,No,Yes,Month-to-month,Yes,Electronic check,110.31,2757.58,Yes
7789-DRIQ,Male,0,Yes,No,72,Yes,No,DSL,Yes,Yes,No,No,No,Yes,One year,Yes,Electronic check,80.77,5815.67,No
9988-MOTQ,Female,0,Yes,No,38,No,No phone service,Fiber optic,No,Yes,No,No,No,No,Two year,Yes,Mailed check,91.87,3491.91,Yes
4807-PVDE,Female,0,Yes,Yes,15,Yes,No,No,No internet service,No internet service,No internet service,No internet service,No internet service,No internet service,Month-to-month,Yes,Bank transfer (automatic),32.22,483.54,Yes
4236-IQMB,Male,0,Yes,Yes,24,Yes,No,Fiber optic,No,Yes,No,No,No,Yes,Month-to-month,Yes,Electronic check,114.84,2751.4,Yes
9556-VUWS,Female,0,Yes,Yes,24,No,No phone service,DSL,No,No,No,Yes,Yes,No,Month-to-month,Yes,Credit card (automatic),64.95,1560.18,No
2439-MSQU,Male,0,Yes,No,1,Yes,Yes,DSL,No,No,No,No,No,No,One year,Yes,Electronic check,68.63,69.77,No
1382-LULK,Female,0,Yes,Yes,10,Yes,No,No,No internet service,No internet service,No internet service,No internet service,No internet service,No internet service,Month-to-month,Yes,Mailed check,31.55,315.23,Yes
1358-DSAX,Male,0,Yes,No,50,Yes,No,DSL,No,Yes,Yes,No,No,Yes,Two year,Yes,Electronic check,75.75,3790.3,Yes
7626-MOBK,Female,1,No,No,9,Yes,No,DSL,Yes,No,Yes,No,No,Yes,Month-to-month,Yes,Electronic check,81.21,730.87,No
7652-QCRH,Male,1,Yes,No,17,Yes,Yes,Fiber optic,No,No,No,Yes,Yes,No,Month-to-month,No,Credit card (automatic),115.14,1956.87,Yes
7905-SEGU,Female,0,No,No,25,Yes,No,No,No internet service,No internet service,No internet service,No internet service,No internet service,No internet service,Month-to-month,No,Credit card (automatic),32.07,800.89,No
3567-EQED,Female,0,Yes,Yes,55,Yes,Yes,DSL,Yes,Yes,Yes,Yes,Yes,Yes,Two year,No,Bank transfer (automatic),102.76,5649.5,No
4730-UBKV,Female,0,No,Yes,42,Yes,No,Fiber optic,No,No,Yes,No,Yes,No,One year,No,Credit card (automatic),111.72,4692.21,No
2708-OLVU,Male,0,Yes,No,50,Yes,Yes,Fiber optic,Yes,Yes,No,Yes,No,Yes,Two year,Yes,Credit card (automatic),123.28,6163.48,No
7538-GEQX,Male,0,No,Yes,41,Yes,No,DSL,Yes,No,No,Yes,Yes,Yes,Month-to-month,Yes,Bank transfer (automatic),86.76,3559.81,No
2960-NLFQ,female,0,No,No,49,Yes,Yes,No,No internet service,No internet service,No internet service,No internet service,No internet service,No internet service,Month-to-month,No,Credit card (automatic),39.17,1918.39,No
1882-SPLL,Male,1,Yes,No,0,Yes,Yes,Fiber optic,No,No,Yes,No,Yes,Yes,One year,Yes,Mailed check,114.71,,No
7963-FWDF,Male,1,No,No,67,Yes,Yes,Fiber optic,Yes,No,Yes,No,No,Yes,Month-to-month,Yes,Mailed check,121.09,8113.54,No
9125-XWOK,Female,0,No,Yes,8,Yes,Yes,No,No internet service,No internet service,No internet service,No internet service,No internet service,No internet service,One year,Yes,Bank transfer (automatic),37.09,295.46,No
3808-SRQS,Female,0,Yes,No,29,Yes,Yes,No,No internet service,No internet service,No internet service,No internet service,No internet service,No internet service,Month-to-month,Yes,Electronic check,38.05,1103.12,Yes
7068-NRSO,Male,0,No,Yes,56,Yes,No,Fiber optic,Yes,Yes,No,No,Yes,Yes,Month-to-month,No,Credit card (automatic),114.83,6429.65,No
7142-ODGM,male,0,No,No,31,Yes,No,DSL,Yes,Yes,No,Yes,Yes,No,Month-to-month,Yes,Electronic check,85.6,2652.08,No
5258-PIHT,Male,0,No,No,69,Yes,No,No,No internet service,No internet service,No internet service,No internet service,No internet service,No internet service,One year,No,Credit card (automatic),31.32,2160.46,No
8084-QQQA,Female,0,Yes,No,34,No,No phone service,Fiber optic,Yes,No,Yes,No,Yes,No,Month-to-month,Yes,Electronic check,95.93, ,No
4935-HSFC,Female,1,No,No,63,Yes,No,No,No internet service,No internet service,No internet service,No internet service,No internet service,No internet service,Two year,Yes,Electronic check,33.4,2104.04,No
3490-EMON,Female,0,No,No,59,Yes,Yes,No,No internet service,No internet service,No internet service,No internet service,No internet service,No internet service,Month-to-month,Yes,Electronic check,36.57,2156.89,No
2724-WPRV,Female,0,No,No,71,Yes,Yes,DSL,Yes,No,Yes,No,Yes,No,Two year,Yes,Credit card (automatic),82.47,5855.0,No
4420-VKCV,Male,0,No,No,67,Yes,Yes,No,No internet service,No internet service,No internet service,No internet service,No internet service,No internet service,Month-to-month,No,Electronic check,36.42,2439.81,No
3953-JUPL,Male,0,Yes,Yes,65,Yes,No,Fiber optic,No,No,No,Yes,Yes,No,Month-to-month,Yes,Bank transfer (automatic),115.3,7495.01,No
7337-IXCX,male,0,No,No,53,Yes,No,Fiber optic,Yes,Yes,Yes,Yes,No,No,Two year,Yes,Bank transfer (automatic),123.24,6535.53,No
5152-OCSR,Male,0,Yes,No,26,Yes,Yes,DSL,No,Yes,No,No,No,No,Month-to-month,Yes,Electronic check,74.35,1934.92,Yes
3841-QHGG,Female,0,Yes,Yes,7,Yes,Yes,No,No internet service,No internet service,No internet service,No internet service,No internet service,No internet service,One year,Yes,Credit card (automatic),37.86,263.72,No
2088-DYEA,Female,0,No,Yes,50,Yes,No,Fiber optic,No,Yes,Yes,Yes,No,No,One year,Yes,Electronic check,108.7,5435.61,Yes
6668-MHHE,Male,0,No,Yes,71,Yes,No,Fiber optic,No,No,No,No,No,Yes,Month-to-month,No,Bank transfer (automatic),105.09,7460.75,No
3235-IADC,Male,1,Yes,Yes,53,Yes,No,No,No internet service,No internet service,No internet service,No internet service,No internet service,No internet service,One year,Yes,Mailed check,31.57,1673.12,No
4175-WIBN,Female,0,No,No,67,Yes,No,Fiber optic,No,Yes,No,No,Yes,No,Two year,No,Electronic check,109.74,7349.39,No
8427-FKCH,Female,0,Yes,No,58,Yes,No,Fiber optic,Yes,Yes,No,No,Yes,No,Month-to-month,Yes,Electronic check,107.5,6232.89,No
8938-NMMB,Male,0,Yes,No,12,Yes,Yes,No,No internet service,No internet service,No internet service,No internet service,No internet service,No internet service,One year,Yes,Bank transfer (automatic),36.4,436.9,No
3092-SFPB,Female,0,No,No,18,Yes,No,Fiber optic,No,No,No,Yes,No,No,One year,Yes,Credit card (automatic),103.73,1868.87,Yes
6776-WBJP,Female,0,Yes,No,25,Yes,No,No,No internet service,No internet service,No internet service,No internet service,No internet service,No internet service,Month-to-month,Yes,Electronic check,32.17,805.46,No
8355-BBMX,Male,1,Yes,Yes,12,Yes,No,No,No internet service,No internet service,No internet service,No internet service,No internet service,No internet service,Month-to-month,No,Electronic check,30.54,366.46,No
3555-BGCH,female,1,Yes,No,42,Yes,No,Fiber optic,No,No,Yes,No,No,No,Month-to-month,No,Credit card (automatic),99.11,4162.21,No
2238-NXWV,MALE,0,No,No,71,Yes,Yes,Fiber optic,Yes,No,No,No,Yes,Yes,One year,No,Electronic check,119.69,8499.23,No
3780-GUGA,Female,0,Yes,No,55,Yes,Yes,DSL,Yes,No,No,No,No,No,Two year,No,Mailed check,75.92,4177.07,No
6789-UMUS,Female,0,Yes,No,31,Yes,Yes,Fiber optic,Yes,Yes,No,No,No,No,One year,Yes,Mailed check,115.62,3583.23,No
8480-YVQW,Female,0,No,No,0,Yes,Yes,Fiber optic,No,Yes,No,No,No,Yes,Month-to-month,No,Electronic check,113.76,,Yes
8190-JJDH,Female,0,No,Yes,23,Yes,No,Fiber optic,No,Yes,Yes,No,Yes,No,Month-to-month,No,Bank transfer (automatic),108.79,2502.42,No
2589-TTRN,Male,0,Yes,No,38,Yes,No,DSL,No,No,No,Yes,No,No,Two year,No,Credit card (automatic),68.94,2619.63,No
7555-NTUX,Female,0,No,Yes,23,Yes,No,DSL,No,No,No,Yes,Yes,Yes,Month-to-month,Yes,Mailed check,81.59,1874.5,Yes
7846-DMWH,Female,0,Yes,No,8,Yes,Yes,DSL,No,No,No,No,No,Yes,Two year,Yes,Bank transfer (automatic),71.99,575.55,No
6585-LWNB,female,0,No,No,32,Yes,No,DSL,Yes,No,Yes,No,Yes,Yes,Two year,Yes,Bank transfer (automatic),81.62,2609.62,No
5945-XBKI,Female,1,Yes,Yes,18,Yes,Yes,Fiber optic,No,Yes,No,No,No,No,Month-to-month,Yes,Mailed check,106.79,1921.03,Yes
8758-YQRV,Female,0,Yes,No,66,Yes,No,DSL,No,No,Yes,Yes,Yes,No,Month-to-month,Yes,Electronic check,80.81,5331.29,No
7352-WXRH,Female,0,Yes,Yes,7,Yes,Yes,DSL,No,Yes,No,Yes,Yes,No,Month-to-month,No,Bank transfer (automatic),79.47,552.97,No
7056-FELY,Male,0,Yes,No,3,Yes,Yes,DSL,Yes,No,No,No,No,No,One year,Yes,Mailed check,74.27,222.83,No
6951-KYAK,female,0,No,No,0,Yes,No,Fiber optic,No,Yes,No,Yes,Yes,No,Two year,Yes,Electronic check,115.07,,No
5232-BLDD,Female,0,Yes,No,24,Yes,No,No,No internet service,No internet service,No internet service,No internet service,No internet service,No internet service,One year,Yes,Credit card (automatic),32.72,785.02,No
3224-FPXL,Female,0,Yes,Yes,48,Yes,Yes,DSL,No,Yes,Yes,Yes,Yes,No,Month-to-month,No,Bank transfer (automatic),86.99,4173.1,No
9662-AYXW,Female,1,No,No,53,Yes,Yes,Fiber optic,Yes,No,No,No,No,Yes,Month-to-month,Yes,Credit card (automatic),114.49,6062.92,No
7318-WUUK,Male,0,No,No,33,Yes,No,Fiber optic,No,No,Yes,No,Yes,Yes,Two year,No,Electronic check,116.97,3858.06,No
4607-LKQD,Male,0,Yes,No,50,Yes,Yes,DSL,Yes,Yes,No,Yes,No,No,Month-to-month,No,Credit card (automatic),86.82,4342.83,No
5888-IUTS,Female,0,Yes,Yes,26,Yes,No,Fiber optic,No,No,No,Yes,No,Yes,One year,No,Bank transfer (automatic),106.35,2763.44,No
6842-LEJQ,FEMALE,0,Yes,No,48,Yes,No,DSL,No,No,No,No,Yes,No,Month-to-month,Yes,Credit card (automatic),62.84,3012.97,No
2124-VPGI,Male,0,Yes,No,3,Yes,No,Fiber optic,No,Yes,No,No,No,No,Month-to-month,Yes,Credit card (automatic),103.84,312.82,Yes
2378-OPRN,Female,1,Yes,Yes,28,Yes,No,DSL,Yes,No,No,Yes,No,Yes,Month-to-month,No,Credit card (automatic),84.74,2371.16,No
9418-LIGI,Male,0,No,No,57,Yes,Yes,No,No internet service,No internet service,No internet service,No internet service,No internet service,No internet service,Month-to-month,No,Credit card (automatic),37.82,2155.07,No
3257-EMDB,Female,0,No,No,58,Yes,Yes,DSL,No,Yes,No,No,Yes,Yes,One year,No,Electronic check,87.26,5058.61,No
5424-FKVX,Male,0,Yes,No,52,Yes,Yes,Fiber optic,No,No,Yes,No,Yes,No,Month-to-month,Yes,Bank transfer (automatic),113.67,5907.58,No
3005-ADMW,Male,0,Yes,No,15,Yes,No,No,No internet service,No internet service,No internet service,No internet service,No internet service,No internet service,Two year,Yes,Electronic check,32.9,493.2,No
2772-BIXH,Male,1,Yes,No,18,Yes,Yes,DSL,Yes,Yes,Yes,No,Yes,Yes,One year,Yes,Bank transfer (automatic),95.91,1725.15,No
8430-DRCF,Male,1,Yes,No,72,Yes,No,Fiber optic,No,Yes,No,No,Yes,No,Month-to-month,No,Credit card (automatic),101.01,7273.73,No
4220-HVVA,Male,0,Yes,Yes,7,Yes,Yes,Fiber optic,No,No,No,No,Yes,No,Month-to-month,No,Electronic check,111.57,779.53,No
9547-UKCM,Male,0,No,No,13,Yes,Yes,Fiber optic,No,No,Yes,No,No,Yes,One year,Yes,Mailed check,109.56,1426.15,Yes
8480-QVVJ,Male,0,No,No,9,No,No phone service,DSL,Yes,No,Yes,No,Yes,Yes,Month-to-month,Yes,Bank transfer (automatic),75.2,677.26,Yes
7708-LOUJ,Female,0,No,No,24,Yes,Yes,DSL,Yes,Yes,Yes,No,No,Yes,Two year,Yes,Electronic check,92.22,2216.1,No
4748-FXBV,Female,1,No,No,15,Yes,Yes,Fiber optic,No,No,No,No,Yes,No,One year,No,Electronic check,105.0,1574.72,No
9016-DNJC,Male,0,Yes,No,36,Yes,Yes,Fiber optic,No,Yes,No,Yes,Yes,No,Month-to-month,Yes,Electronic check,114.06,4110.33,Yes
9088-COFQ,Female,0,No,No,34,Yes,Yes,Fiber optic,No,Yes,No,No,Yes,No,One year,Yes,Electronic check,114.91,3904.62,No
4253-TXKY,male,0,Yes,No,65,Yes,Yes,DSL,No,No,No,No,Yes,Yes,Month-to-month,Yes,Bank transfer (automatic),76.66,4980.02,No
9931-FATW,Female,0,Yes,No,2,Yes,No,DSL,No,No,No,Yes,Yes,No,Month-to-month,Yes,Mailed check,74.42,147.59,No
4227-POQH,Female,0,No,No,23,Yes,No,Fiber optic,Yes,Yes,Yes,Yes,No,No,Two year,No,Electronic check,122.51,2818.14,No
3745-LVUJ,Male,0,Yes,Yes,43,Yes,Yes,Fiber optic,Yes,Yes,No,Yes,No,No,Month-to-month,No,Credit card (automatic),124.51,5352.81,No
6818-OIBE,Male,0,No,Yes,44,Yes,No,Fiber optic,No,No,Yes,No,Yes,Yes,One year,No,Bank transfer (automatic),105.87,4654.54,No
5063-UYAW,Male,0,Yes,No,35,No,No phone service,DSL,Yes,No,Yes,Yes,No,No,Two year,No,Mailed check,69.34,2428.74,No
5025-GTYL,Male,0,No,No,59,Yes,No,DSL,Yes,No,Yes,No,Yes,No,Month-to-month,Yes,Electronic check,83.81,4945.06,No
1719-KUDM,Female,0,No,No,4,Yes,No,DSL,Yes,No,Yes,Yes,Yes,Yes,Month-to-month,No,Bank transfer (automatic),88.81,355.86,No
4718-DOSI,MALE,0,No,Yes,59,Yes,No,DSL,No,No,No,No,No,No,Month-to-month,No,Mailed check,67.38,3976.51,Yes
3207-KHAW,Male,0,No,Yes,36,Yes,Yes,DSL,Yes,No,Yes,No,Yes,No,Month-to-month,No,Bank transfer (automatic),87.6,3154.21,Yes
9835-HCIB,Male,0,Yes,Yes,10,Yes,No,Fiber optic,No,Yes,No,No,No,No,Month-to-month,Yes,Bank transfer (automatic),100.56,1006.85,Yes
6345-MOWL,Male,1,No,Yes,64,Yes,No,Fiber optic,No,No,No,No,No,No,Two year,No,Electronic check,99.71,6379.21,No
9707-HIWE,Female,0,No,Yes,47,Yes,Yes,Fiber optic,No,No,Yes,No,No,Yes,Two year,No,Credit card (automatic),114.96,5401.21,No
7683-VIQL,Male,0,No,No,12,No,No phone service,DSL,Yes,Yes,No,Yes,No,No,One year,Yes,Mailed check,72.73,873.67,Yes
1025-YJMS,Female,0,No,No,2,Yes,No,DSL,No,Yes,No,No,Yes,No,Month-to-month,Yes,Mailed check,70.12,141.41,No
7410-MUHH,Male,0,No,No,10,Yes,Yes,Fiber optic,No,No,No,Yes,Yes,Yes,Two year,No,Credit card (automatic),123.17,1232.22,No
6102-KKAQ,Male,0,No,No,44,No,No phone service,No,No internet service,No internet service,No internet service,No internet service,No internet service,No internet service,Month-to-month,No,Mailed check,22.69,998.87,No
7707-FXVY,Female,0,No,No,13,Yes,No,Fiber optic,No,No,No,No,No,No,Month-to-month,Yes,Bank transfer (automatic),93.48,1216.27,Yes
3606-INRQ,Male,0,No,Yes,16,Yes,No,Fiber optic,Yes,No,No,Yes,Yes,Yes,Month-to-month,Yes,Bank transfer (automatic),117.49,1880.73,Yes
8763-TIKX,Female,0,No,Yes,2,Yes,No,No,No internet service,No internet service,No internet service,No internet service,No internet service,No internet service,Month-to-month,Yes,Electronic check,32.84, ,Yes
6685-ARFB,Female,0,Yes,No,52,Yes,No,Fiber optic,Yes,No,Yes,No,No,Yes,Two year,Yes,Credit card (automatic),108.69,5652.43,No
3783-UNEF,Male,0,Yes,No,59,No,No phone service,DSL,No,No,No,No,Yes,No,One year,No,Mailed check,57.23,3377.21,No
3645-RNJN,Male,0,Yes,No,58,Yes,No,Fiber optic,No,No,No,Yes,No,Yes,One year,Yes,Mailed check,108.07,6270.18,No
2932-CFHL,Male,0,Yes,No,9,Yes,No,DSL,No,Yes,No,Yes,No,No,One year,Yes,Credit card (automatic),73.69,665.2,No
1492-KLAQ,Male,0,Yes,No,65,Yes,No,Fiber optic,No,Yes,No,Yes,Yes,Yes,One year,No,Mailed check,119.0,7731.76,No
7474-MRKL,Male,0,No,No,49,Yes,No,Fiber optic,Yes,No,Yes,No,Yes,Yes,Month-to-month,Yes,Bank transfer (automatic),121.29,5940.39,No
3743-YLKE,Male,0,Yes,No,65,Yes,No,Fiber optic,No,Yes,Yes,No,No,No,Month-to-month,No,Credit card (automatic),109.09,7087.94,No
8186-WWFV,Male,1,Yes,No,32,Yes,No,DSL,No,Yes,No,No,Yes,No,Two year,Yes,Electronic check,74.97,2400.0,No
1619-SBQK,Female,0,No,No,32,No,No phone service,Fiber optic,Yes,Yes,Yes,No,Yes,No,Month-to-month,No,Electronic check,111.31,3566.59,Yes
9436-PBBW,Female,0,No,No,57,Yes,No,Fiber optic,No,Yes,No,Yes,Yes,Yes,Two year,No,Electronic check,117.58,6700.66,No
9711-MJHD,Female,0,No,Yes,7,Yes,No,No,No internet service,No internet service,No internet service,No internet service,No internet service,No internet service,Month-to-month,Yes,Credit card (automatic),31.25,218.81,No
7976-KGQT,Male,0,No,No,38,Yes,No,Fiber optic,Yes,Yes,Yes,Yes,Yes,No,Month-to-month,No,Electronic check,127.62, ,No
6973-VLIE,Male,0,No,No,61,Yes,Yes,No,No internet service,No internet service,No internet service,No internet service,No internet service,No internet service,Month-to-month,No,Electronic check,34.58,2109.64,No
7217-DEJK,Female,0,Yes,No,60,Yes,No,DSL,Yes,Yes,No,No,No,Yes,Two year,No,Electronic check,80.19,4810.44,No
9148-XJHB,female,0,No,No,69,Yes,Yes,Fiber optic,No,Yes,No,No,No,Yes,Month-to-month,Yes,Electronic check,111.55,7699.06,No
4638-HPVE,Female,1,No,No,51,Yes,Yes,DSL,No,No,No,No,No,No,One year,Yes,Bank transfer (automatic),67.23,3430.06,No
5444-CLMM,Male,0,Yes,No,15,Yes,Yes,DSL,No,No,Yes,No,Yes,No,Month-to-month,Yes,Credit card (automatic),80.9,1211.9,Yes
3787-IVXW,Female,0,Yes,No,1,Yes,No,No,No internet service,No internet service,No internet service,No internet service,No internet service,No internet service,One year,Yes,Electronic check,32.46,32.46,No
9858-BSAY,Female,0,No,No,35,Yes,No,No,No internet service,No internet service,No internet service,No internet service,No internet service,No internet service,Month-to-month,Yes,Mailed check,31.17,1090.4,No
5422-QCTT,Male,0,Yes,Yes,37,Yes,No,DSL,Yes,No,No,Yes,No,No,Month-to-month,Yes,Bank transfer (automatic),70.81,2621.15,Yes
1628-CCQG,Male,0,No,No,17,Yes,No,DSL,No,No,No,Yes,No,No,Month-to-month,No,Mailed check,66.08,1123.16,No
4674-NQRM,Female,0,Yes,No,9,Yes,No,DSL,No,No,No,No,No,No,Month-to-month,Yes,Credit card (automatic),70.44,632.31,No
9307-TURD,Male,0,No,Yes,42,Yes,No,No,No internet service,No internet service,No internet service,No internet service,No internet service,No internet service,Month-to-month,No,Mailed check,33.92,1423.26,No
4008-RAMT,Male,1,No,Yes,55,Yes,Yes,DSL,Yes,Yes,No,No,Yes,Yes,One year,No,Mailed check,90.09,4957.83,Yes
4699-WJKI,Female,0,Yes,No,72,Yes,Yes,DSL,No,Yes,Yes,No,No,No,Month-to-month,Yes,Credit card (automatic),75.89,5462.25,No
5200-EAQV,Female,0,Yes,No,55,Yes,Yes,DSL,Yes,Yes,No,No,No,Yes,Month-to-month,Yes,Mailed check,84.56,4652.95,No
2772-IDEK,male,1,No,No,57,Yes,No,Fiber optic,No,No,Yes,No,Yes,Yes,Month-to-month,No,Electronic check,104.2,5937.94,No
3871-SUCL,Male,0,No,Yes,45,Yes,No,No,No internet service,No internet service,No internet service,No internet service,No internet service,No internet service,Month-to-month,Yes,Electronic check,32.31,1453.73,No
2132-GOWG,Male,0,No,No,71,Yes,No,DSL,Yes,No,Yes,Yes,Yes,Yes,Month-to-month,Yes,Credit card (automatic),87.02,6177.86,No
7297-HEUN,Female,1,No,No,46,Yes,No,Fiber optic,No,Yes,Yes,No,No,Yes,Month-to-month,No,Bank transfer (automatic),108.16,4977.0,No
3179-WJTO,Male,0,No,Yes,62,Yes,Yes,DSL,Yes,No,Yes,Yes,No,No,Month-to-month,Yes,Mailed check,87.93,5449.11,No
4180-HIPS,Female,1,Yes,Yes,69,No,No phone service,Fiber optic,No,Yes,No,Yes,No,Yes,Month-to-month,No,Credit card (automatic),102.38,7068.72,No
1614-NNYD,Male,0,Yes,No,67,Yes,Yes,Fiber optic,No,No,No,No,No,No,One year,No,Mailed check,106.46,7130.51,No
1270-CEAC,Male,0,Yes,No,28,Yes,Yes,DSL,No,No,No,Yes,Yes,No,One year,Yes,Electronic check,83.62,2342.18,No
4607-XJDC,Female,1,No,No,5,Yes,Yes,DSL,No,Yes,Yes,No,No,No,Month-to-month,No,Bank transfer (automatic),79.73,397.39,Yes
1289-YQWU,female,0,Yes,Yes,12,No,No phone service,No,No internet service,No internet service,No internet service,No internet service,No internet service,No internet service,Month-to-month,Yes,Bank transfer (automatic),21.99,263.02,No
8415-TWME,male,0,Yes,No,4,Yes,Yes,DSL,Yes,No,Yes,Yes,Yes,No,Month-to-month,No,Mailed check,93.17,372.37,Yes
5958-UIYY,Male,0,No,No,7,Yes,Yes,Fiber optic,No,No,Yes,No,No,No,Month-to-month,No,Electronic check,105.84,738.82,Yes
9891-VFEY,Female,1,No,Yes,13,Yes,No,Fiber optic,No,Yes,No,No,No,No,Month-to-month,Yes,Electronic check,107.62,1397.39,Yes
7534-GFUT,MALE,0,Yes,No,25,Yes,Yes,DSL,Yes,No,No,Yes,No,Yes,One year,Yes,Credit card (automatic),78.93,1975.04,No
6634-SVOD,Female,0,Yes,No,39,No,No phone service,Fiber optic,No,No,No,Yes,Yes,Yes,Month-to-month,No,Credit card (automatic),101.58,3963.35,Yes
4109-SDOI,Male,0,Yes,Yes,52,Yes,No,No,No internet service,No internet service,No internet service,No internet service,No internet service,No internet service,Two year,Yes,Bank transfer (automatic),32.19,1673.08,No
7028-WREY,Female,0,Yes,No,15,Yes,No,Fiber optic,Yes,Yes,Yes,Yes,No,No,Month-to-month,No,Credit card (automatic),113.18,1696.66,No
1205-YPOV,Female,0,No,No,49,No,No phone service,DSL,No,No,Yes,No,No,No,Two year,Yes,Bank transfer (automatic),61.11,2994.74,No
4811-GPXV,Male,0,Yes,No,51,Yes,Yes,Fiber optic,Yes,Yes,No,No,No,Yes,One year,Yes,Credit card (automatic),118.69,6052.34,No
9501-UHQP,Female,0,No,Yes,40,Yes,No,Fiber optic,Yes,No,No,No,No,Yes,Month-to-month,Yes,Electronic check,105.07,4202.12,No
4273-BIQK,Male,0,No,Yes,65,No,No phone service,Fiber optic,No,No,No,Yes,Yes,No,Month-to-month,No,Mailed check,94.92,6170.51,No
4551-JVYQ,MALE,0,Yes,No,8,Yes,Yes,Fiber optic,Yes,No,No,Yes,No,Yes,One year,No,Mailed check,114.51,916.02,No
6679-TOYU,female,0,No,No,13,Yes,No,DSL,No,No,No,Yes,No,No,Two year,Yes,Electronic check,65.3,848.87,No
3800-AYSD,Male,0,Yes,Yes,31,No,No phone service,Fiber optic,Yes,Yes,Yes,No,No,No,Month-to-month,No,Bank transfer (automatic),109.44,3390.45,Yes
2104-IXBH,Female,1,Yes,Yes,9,Yes,No,Fiber optic,No,No,Yes,Yes,Yes,No,Month-to-month,No,Credit card (automatic),112.16,1008.87,Yes
4854-GFAO,male,0,Yes,Yes,41,Yes,Yes,DSL,No,No,Yes,No,No,No,Month-to-month,Yes,Mailed check,70.94,2908.6,Yes
1406-GYQB,Male,0,Yes,No,29,Yes,No,Fiber optic,No,Yes,No,No,No,Yes,Month-to-month,Yes,Credit card (automatic),107.51, ,Yes
1680-IMFF,Male,0,Yes,No,20,Yes,No,DSL,Yes,Yes,No,No,Yes,No,Two year,Yes,Mailed check,80.72,1614.42,No
2363-TUCQ,Male,0,Yes,No,12,Yes,No,DSL,No,Yes,No,No,Yes,Yes,One year,Yes,Mailed check,77.55,930.86,No
8742-QLPO,Male,0,No,Yes,24,Yes,No,No,No internet service,No internet service,No internet service,No internet service,No internet service,No internet service,Month-to-month,Yes,Bank transfer (automatic),31.64,759.91,No
3230-AQCO,Female,0,No,No,44,Yes,Yes,DSL,No,Yes,No,No,Yes,Yes,Month-to-month,No,Electronic check,88.91,3911.11,No
4171-DRQS,Female,0,No,Yes,42,Yes,No,DSL,No,No,No,Yes,No,Yes,Month-to-month,No,Mailed check,71.5,3004.14,No
9234-TCHN,Female,1,Yes,No,12,Yes,Yes,Fiber optic,No,No,Yes,No,Yes,No,Two year,Yes,Mailed check,110.67,1327.27,Yes
2293-BWDX,Male,0,No,No,9,Yes,Yes,No,No internet service,No internet service,No internet service,No internet service,No internet service,No internet service,Two year,Yes,Credit card (automatic),34.99,313.92,No
3972-SFYA,Male,0,No,No,2,Yes,Yes,No,No internet service,No internet service,No internet service,No internet service,No internet service,No internet service,Month-to-month,Yes,Bank transfer (automatic),38.82,78.48,Yes
9112-HSUA,male,0,No,No,1,Yes,Yes,Fiber optic,Yes,No,Yes,No,No,No,Month-to-month,No,Electronic check,115.63,118.36,No
2476-PFHM,Male,1,No,Yes,64,Yes,No,DSL,No,No,Yes,Yes,No,Yes,Two year,Yes,Electronic check,79.85,5109.89,No
2855-CSLP,Female,0,No,Yes,3,Yes,No,No,No internet service,No internet service,No internet service,No internet service,No internet service,No internet service,Month-to-month,No,Credit card (automatic),31.28,95.16,No
5986-KJYT,male,0,Yes,No,53,Yes,No,Fiber optic,No,Yes,No,No,Yes,Yes,Month-to-month,Yes,Mailed check,109.93,5823.56,No
8262-DLWB,Male,0,No,No,63,Yes,Yes,Fiber optic,No,No,No,No,Yes,Yes,Month-to-month,No,Credit card (automatic),111.92,7048.34,No
4093-SYEH,Female,0,Yes,No,7,Yes,No,No,No internet service,No internet service,No internet service,No internet service,No internet service,No internet service,Month-to-month,Yes,Mailed check,32.5,228.62,No
4277-XWCR,Male,0,No,No,32,Yes,No,Fiber optic,Yes,No,No,Yes,No,No,Month-to-month,Yes,Bank transfer (automatic),103.75,3316.09,No
8951-WSSR,Male,0,Yes,No,70,Yes,Yes,DSL,No,No,No,No,No,No,Two year,Yes,Bank transfer (automatic),68.61,4804.07,No
5595-PHAQ,Male,1,Yes,Yes,60,Yes,Yes,No,No internet service,No internet service,No internet service,No internet service,No internet service,No internet service,One year,Yes,Electronic check,37.86,2271.12,No
6131-UKEL,Male,1,Yes,Yes,35,Yes,No,Fiber optic,No,No,No,No,No,Yes,Month-to-month,No,Bank transfer (automatic),109.44,3832.04,Yes
2424-FAEY,female,0,No,No,55,Yes,No,DSL,No,No,No,No,No,Yes,Month-to-month,Yes,Mailed check,71.63,3937.55,No
7043-NEVX,male,1,Yes,Yes,60,Yes,No,DSL,No,No,Yes,No,Yes,No,One year,Yes,Bank transfer (automatic),73.01,4381.13,No
4104-RPIS,Male,0,Yes,No,25,Yes,No,Fiber optic,Yes,No,Yes,No,Yes,Yes,Month-to-month,No,Credit card (automatic),117.38,2933.9,No
5821-EBOG,male,0,No,Yes,65,Yes,No,DSL,No,Yes,No,Yes,Yes,No,Month-to-month,Yes,Electronic check,81.24,5283.08,No
9643-AMTV,Male,0,No,No,34,Yes,Yes,DSL,No,No,No,Yes,Yes,Yes,Month-to-month,Yes,Bank transfer (automatic),84.13,2858.96,Yes
3438-OWNW,Male,0,Yes,No,38,Yes,No,Fiber optic,No,No,Yes,Yes,Yes,No,One year,No,Electronic check,115.85,4402.73,Yes
9319-VXTX,Female,1,Yes,Yes,72,Yes,Yes,No,No internet service,No internet service,No internet service,No internet service,No internet service,No internet service,Month-to-month,No,Electronic check,36.27,2610.65,No
7481-JIYH,Female,0,No,Yes,61,Yes,No,Fiber optic,No,Yes,No,Yes,No,No,Month-to-month,Yes,Bank transfer (automatic),114.45,6978.57,No
7361-JQBF,Female,0,No,No,26,Yes,No,Fiber optic,No,No,No,Yes,No,No,Month-to-month,No,Electronic check,102.65,2671.07,No
8737-EIER,Male,0,No,No,1,Yes,No,Fiber optic,No,Yes,No,No,No,Yes,Month-to-month,No,Bank transfer (automatic),105.48,105.48,Yes
4802-QLGC,Female,0,No,Yes,45,Yes,No,Fiber optic,No,Yes,Yes,No,Yes,Yes,Two year,Yes,Electronic check,120.37,5419.53,No
7241-YCPB,Female,0,Yes,No,51,Yes,No,DSL,No,Yes,No,No,No,Yes,One year,No,Electronic check,72.06,3674.1,No
6755-XJFV,Male,0,No,Yes,47,Yes,No,No,No internet service,No internet service,No internet service,No internet service,No internet service,No internet service,Month-to-month,No,Electronic check,32.15,1511.13,No
9345-KWGO,Female,0,No,No,70,Yes,No,Fiber optic,Yes,No,No,No,Yes,No,Month-to-month,No,Electronic check,113.61,7954.92,No
7163-IVTL,Male,1,No,No,63,Yes,No,DSL,Yes,No,No,Yes,No,Yes,One year,No,Credit card (automatic),76.35,4811.83,No
4554-OBUB,Male,0,Yes,Yes,32,Yes,No,DSL,No,No,Yes,No,No,No,Month-to-month,Yes,Bank transfer (automatic),73.57,2353.29,No
2742-JIAP,Female,0,No,No,4,Yes,Yes,Fiber optic,Yes,No,Yes,No,No,Yes,Two year,Yes,Credit card (automatic),112.84,453.24,No
5195-BDAS,Male,1,No,No,34,Yes,No,DSL,Yes,No,No,No,Yes,No,Month-to-month,Yes,Electronic check,77.46,2634.8,Yes
7409-UOVS,Female,0,Yes,Yes,50,Yes,No,DSL,Yes,No,No,No,Yes,No,Month-to-month,Yes,Credit card (automatic),72.16,3609.77,No
9751-UXVD,Male,0,No,No,44,Yes,Yes,Fiber optic,No,No,Yes,No,No,Yes,Two year,Yes,Bank transfer (automatic),117.77,5181.22,No
9801-YMAQ,Female,0,No,Yes,39,Yes,No,No,No internet service,No internet service,No internet service,No internet service,No internet service,No internet service,Month-to-month,No,Electronic check,31.42,1225.63,No
5396-DGQI,Female,0,No,Yes,34,Yes,No,Fiber optic,No,Yes,Yes,No,No,No,Month-to-month,Yes,Bank transfer (automatic),106.57,3624.05,No
8331-SAJD,Female,0,No,Yes,21,Yes,No,DSL,No,Yes,No,No,Yes,Yes,One year,Yes,Bank transfer (automatic),77.18,1620.08,No
3093-JFPF,Male,0,No,No,20,Yes,Yes,DSL,No,No,No,No,Yes,No,Two year,No,Mailed check,67.76,1356.16,No
5937-RVRC,Male,0,No,Yes,36,No,No phone service,Fiber optic,No,Yes,Yes,No,No,No,One year,No,Bank transfer (automatic),93.43,3365.02,No
2779-UYOO,Male,0,Yes,No,11,Yes,No,DSL,No,Yes,No,No,No,No,One year,No,Mailed check,64.95,713.59,Yes
4676-ISXQ,Male,0,Yes,No,25,Yes,No,Fiber optic,No,Yes,No,No,No,No,Month-to-month,Yes,Electronic check,94.83,2373.54,No
5138-YIJR,male,0,Yes,No,23,Yes,No,DSL,No,No,No,No,Yes,No,Month-to-month,No,Mailed check,70.88,1630.92,Yes
9560-UWOT,Female,0,No,No,42,No,No phone service,No,No internet service,No internet service,No internet service,No internet service,No internet service,No internet service,Month-to-month,No,Credit card (automatic),23.52,987.28,No
6166-AYNE,Female,0,No,No,5,Yes,Yes,Fiber optic,Yes,No,No,Yes,Yes,Yes,One year,Yes,Mailed check,130.19,648.91,Yes
3346-PBHK,Female,0,No,No,60,Yes,Yes,DSL,No,No,No,Yes,No,No,Month-to-month,Yes,Mailed check,71.51,4291.67,No
9252-RCAK,Male,0,No,No,41,Yes,No,No,No internet service,No internet service,No internet service,No internet service,No internet service,No internet service,Month-to-month,No,Bank transfer (automatic),31.89,1308.03,No
2551-RPWJ,Male,0,No,Yes,49,Yes,No,DSL,No,No,Yes,No,Yes,Yes,Two year,Yes,Bank transfer (automatic),83.49,4093.42,No
2361-FSDM,Male,1,No,No,51,Yes,Yes,DSL,No,No,Yes,No,No,Yes,Month-to-month,Yes,Bank transfer (automatic),76.07,3878.82,No
2993-FAWX,Female,0,Yes,Yes,21,Yes,Yes,No,No internet service,No internet service,No internet service,No internet service,No internet service,No internet service,Month-to-month,Yes,Electronic check,38.2,801.88,Yes
1602-NHSN,Female,0,No,No,34,Yes,Yes,DSL,No,No,No,Yes,No,No,Month-to-month,Yes,Bank transfer (automatic),78.66,2677.64,No
1489-QIFK,female,0,Yes,No,69,Yes,No,Fiber optic,No,Yes,No,Yes,No,No,Month-to-month,Yes,Mailed check,100.22,6917.89,No
9024-GQAV,Female,1,No,Yes,56,Yes,Yes,DSL,Yes,Yes,No,No,Yes,No,Month-to-month,Yes,Mailed check,77.93,4364.47,No
5744-RXUB,female,0,No,Yes,70,Yes,Yes,DSL,No,No,No,No,No,Yes,Month-to-month,Yes,Mailed check,73.8,5166.02,No
9636-KFHD,Male,0,No,No,54,Yes,Yes,DSL,Yes,Yes,No,No,Yes,No,Month-to-month,Yes,Bank transfer (automatic),87.81,4745.05,No
6738-EORB,Male,1,Yes,No,13,Yes,No,Fiber optic,No,No,No,Yes,Yes,No,Month-to-month,No,Credit card (automatic),101.92,1322.79,Yes
1062-VKYM,female,0,Yes,No,4,Yes,Yes,Fiber optic,No,Yes,No,No,No,Yes,Month-to-month,No,Bank transfer (automatic),104.85,419.05,Yes
7915-VGKV,Male,0,No,No,42,Yes,Yes,DSL,No,No,Yes,Yes,No,No,Month-to-month,Yes,Mailed check,80.19,3368.61,No
9003-OAWC,male,0,No,Yes,26,Yes,No,DSL,Yes,Yes,Yes,Yes,Yes,No,Month-to-month,No,Mailed check,91.9,2391.02,Yes
9312-AFFU,Female,0,Yes,Yes,20,Yes,Yes,No,No internet service,No internet service,No internet service,No internet service,No internet service,No internet service,Month-to-month,Yes,Electronic check,36.32,725.93,No
6103-EQJU,Female,0,No,No,58,Yes,Yes,No,No internet service,No internet service,No internet service,No internet service,No internet service,No internet service,Month-to-month,Yes,Credit card (automatic),36.4,2111.19,No
1241-GCMO,Female,0,Yes,No,26,Yes,No,Fiber optic,No,No,No,Yes,Yes,Yes,Two year,No,Mailed check,115.51,3003.47,No
1802-DEAD,Female,0,No,No,23,Yes,Yes,No,No internet service,No internet service,No internet service,No internet service,No internet service,No internet service,Two year,Yes,Mailed check,36.13,832.9,No
3187-XJWY,Female,0,No,Yes,62,Yes,No,Fiber optic,Yes,Yes,No,Yes,No,Yes,Month-to-month,Yes,Bank transfer (automatic),114.82,7122.16,No
9468-TXYM,male,0,No,No,61,Yes,Yes,DSL,No,No,Yes,Yes,No,No,Month-to-month,Yes,Electronic check,80.83,4934.49,No
3591-WEDN,Male,0,No,No,26,Yes,No,DSL,Yes,Yes,No,No,No,Yes,Month-to-month,No,Credit card (automatic),81.17,2109.96,No
7121-QJGP,Female,0,No,No,60,Yes,Yes,DSL,No,Yes,No,No,Yes,No,One year,Yes,Credit card (automatic),79.33,4762.34,No
8024-UIFS,Female,0,No,No,62,Yes,No,No,No internet service,No internet service,No internet service,No internet service,No internet service,No internet service,Two year,Yes,Bank transfer (automatic),33.48,2076.33,No
3594-GVIV,Male,0,Yes,No,31,Yes,Yes,Fiber optic,No,No,Yes,Yes,Yes,Yes,Month-to-month,No,Electronic check,126.0,3906.48,No
1086-QLWP,Female,1,Yes,No,5,Yes,Yes,Fiber optic,No,No,Yes,Yes,Yes,No,One year,Yes,Mailed check,116.6,584.16,No
7968-VIOE,Male,0,Yes,Yes,0,Yes,No,DSL,No,No,No,No,Yes,Yes,Two year,Yes,Electronic check,71.13,,No
3700-NTOP,Male,0,No,Yes,38,Yes,No,Fiber optic,No,Yes,Yes,No,Yes,No,Month-to-month,Yes,Mailed check,116.97,4443.35,No
7038-MQWH,Female,0,Yes,No,25,Yes,Yes,Fiber optic,No,Yes,Yes,No,Yes,Yes,Month-to-month,Yes,Bank transfer (automatic),127.11,3172.95,Yes
1596-BEFL,Male,0,Yes,No,72,Yes,No,No,No internet service,No internet service,No internet service,No internet service,No internet service,No internet service,Month-to-month,Yes,Electronic check,31.9,2296.35,No
5757-VAQK,Male,0,Yes,No,56,Yes,Yes,DSL,No,No,Yes,Yes,No,Yes,Month-to-month,No,Bank transfer (automatic),85.83,4807.04,No
8081-SNJO,Male,0,Yes,No,55,Yes,No,Fiber optic,Yes,No,Yes,No,No,Yes,Month-to-month,No,Mailed check,115.8,6369.63,No
9306-DBIJ,female,0,Yes,No,69,Yes,Yes,DSL,Yes,No,No,Yes,Yes,No,One year,Yes,Credit card (automatic),89.81,6199.54,No
8178-NGWO,Male,0,No,No,64,Yes,No,Fiber optic,Yes,No,Yes,Yes,No,Yes,Month-to-month,Yes,Mailed check,121.55,7781.11,No
1146-VOXH,Female,0,No,Yes,23,Yes,Yes,Fiber optic,Yes,Yes,No,No,No,No,Month-to-month,Yes,Electronic check,114.78,2642.45,No
6628-IOAA,Female,0,No,Yes,12,Yes,Yes,DSL,No,No,Yes,Yes,Yes,Yes,Two year,Yes,Electronic check,92.79,1112.19,Yes
1018-CJHO,Male,1,No,Yes,54,Yes,Yes,Fiber optic,Yes,Yes,No,No,Yes,Yes,Month-to-month,Yes,Credit card (automatic),127.6,6888.64,No
6097-ARBS,Female,0,Yes,No,27,Yes,Yes,DSL,Yes,Yes,Yes,No,Yes,Yes,Month-to-month,Yes,Mailed check,95.81,2585.1,Yes
5236-VABP,Male,0,No,No,34,Yes,No,No,No internet service,No internet service,No internet service,No internet service,No internet service,No internet service,Month-to-month,Yes,Mailed check,32.92,1118.28,No
1238-MPQU,Female,0,Yes,Yes,46,Yes,No,DSL,Yes,No,No,No,Yes,Yes,Month-to-month,Yes,Electronic check,77.97,3586.33,No
5927-GXQG,Female,0,Yes,No,66,Yes,No,Fiber optic,Yes,No,No,Yes,Yes,No,Month-to-month,Yes,Mailed check,117.14,7730.48,No
6388-EQCG,Female,0,No,Yes,30,No,No phone service,No,No internet service,No internet service,No internet service,No internet service,No internet service,No internet service,Two year,Yes,Credit card (automatic),21.33,640.18,No
1816-GUAQ,Male,0,Yes,No,57,Yes,Yes,DSL,Yes,No,Yes,Yes,Yes,No,Month-to-month,Yes,Bank transfer (automatic),86.98,4961.01,No
4645-QKYC,male,0,No,No,19,No,No phone service,Fiber optic,Yes,Yes,Yes,No,No,Yes,One year,Yes,Electronic check,107.48,2038.14,Yes
8374-UKPY,Male,0,Yes,No,51,Yes,Yes,Fiber optic,Yes,No,No,No,Yes,Yes,Month-to-month,No,Mailed check,112.63,5743.29,No
4893-IXXA,Male,0,No,Yes,0,Yes,No,DSL,No,No,No,Yes,No,No,Two year,Yes,Electronic check,68.21,,No
8260-YVPI,Female,0,No,No,63,Yes,No,Fiber optic,No,Yes,No,No,No,No,One year,Yes,Credit card (automatic),104.51,6583.36,No
7773-IGNS,Male,1,Yes,No,2,Yes,No,Fiber optic,No,No,Yes,No,No,Yes,Two year,Yes,Bank transfer (automatic),109.11,218.05,No
1658-BIMO,Female,0,No,Yes,52,No,No phone service,No,No internet service,No internet service,No internet service,No internet service,No internet service,No internet service,Month-to-month,Yes,Bank transfer (automatic),22.64,1177.34,No
5994-KUNY,Male,0,Yes,Yes,3,Yes,No,No,No internet service,No internet service,No internet service,No internet service,No internet service,No internet service,Two year,No,Bank transfer (automatic),32.66,97.58,Yes
7801-SPBH,Male,0,No,No,19,Yes,No,Fiber optic,Yes,Yes,No,Yes,No,No,Two year,No,Credit card (automatic),114.5,2176.63,No
3581-FLOY,Female,0,Yes,No,36,No,No phone service,Fiber optic,No,Yes,No,No,Yes,No,One year,Yes,Credit card (automatic),94.59,3403.24,No
6991-DOTY,Male,1,No,No,30,Yes,No,No,No internet service,No internet service,No internet service,No internet service,No internet service,No internet service,Month-to-month,No,Electronic check,32.92,986.87,No
5780-RBMM,Female,0,No,No,14,Yes,Yes,Fiber optic,No,Yes,No,Yes,Yes,No,Month-to-month,Yes,Credit card (automatic),117.56,1648.25,No
9181-OTJC,Female,0,Yes,No,24,Yes,Yes,DSL,Yes,No,No,No,Yes,Yes,Month-to-month,Yes,Credit card (automatic),85.72,2059.63,No
1002-VNHW,Female,0,No,Yes,53,Yes,No,Fiber optic,Yes,No,Yes,No,No,No,Month-to-month,Yes,Mailed check,108.42,5744.36,No
6626-TKKK,Male,0,No,Yes,48,Yes,No,No,No internet service,No internet service,No internet service,No internet service,No internet service,No internet service,One year,No,Credit card (automatic),33.57,1610.84,No
1897-QIBX,Female,0,No,No,5,Yes,Yes,Fiber optic,No,No,Yes,Yes,Yes,Yes,One year,Yes,Bank transfer (automatic),118.22,588.1,Yes
6167-YDHI,Female,0,No,No,54,Yes,Yes,Fiber optic,No,Yes,No,Yes,Yes,No,Month-to-month,No,Credit card (automatic),116.63,6297.11,Yes
1249-EPMG,Female,1,Yes,No,4,Yes,No,DSL,Yes,No,No,No,Yes,No,Month-to-month,Yes,Electronic check,76.59,304.81,Yes
4792-CESL,Male,0,No,No,39,Yes,No,No,No internet service,No internet service,No internet service,No internet service,No internet service,No internet service,Month-to-month,Yes,Bank transfer (automatic),32.02,1249.24,No
4612-GIFQ,Female,0,Yes,No,19,No,No phone service,Fiber optic,Yes,No,Yes,Yes,No,Yes,Month-to-month,No,Electronic check,106.06,2012.39,Yes
1990-CUDJ,Female,0,Yes,No,43,Yes,Yes,Fiber optic,No,Yes,No,No,Yes,No,Month-to-month,No,Credit card (automatic),105.33,4530.35,No
6876-VJLJ,Female,0,No,No,19,Yes,No,DSL,No,No,Yes,No,Yes,Yes,One year,No,Credit card (automatic),79.14,1504.7,No
4516-MKVP,Male,0,No,No,71,Yes,No,DSL,Yes,No,No,No,No,No,Month-to-month,No,Bank transfer (automatic),71.09,5048.66,Yes
1615-YHMB,MALE,0,Yes,Yes,22,Yes,No,Fiber optic,No,No,Yes,Yes,Yes,No,One year,Yes,Mailed check,115.17,2535.8,No
2629-LJLK,Female,1,Yes,No,17,Yes,Yes,No,No internet service,No internet service,No internet service,No internet service,No internet service,No internet service,Month-to-month,Yes,Bank transfer (automatic),36.83,627.19,Yes
4278-PQBR,Male,0,No,Yes,20,Yes,No,DSL,No,Yes,Yes,No,No,No,Two year,Yes,Electronic check,75.53,1511.27,No
7539-SWRQ,Female,0,Yes,No,65,Yes,No,DSL,No,No,No,No,Yes,No,Month-to-month,Yes,Bank transfer (automatic),66.57,4328.32,No
1383-FYOC,Male,0,Yes,No,46,Yes,Yes,Fiber optic,No,Yes,Yes,No,No,No,Month-to-month,No,Bank transfer (automatic),114.56,5265.44,No
3725-CAMU,female,0,Yes,No,53,Yes,No,DSL,Yes,No,Yes,No,Yes,No,Month-to-month,No,Electronic check,80.03,4242.27,Yes
1922-DGVJ,Male,0,No,No,67,Yes,Yes,DSL,No,No,No,No,Yes,No,Month-to-month,No,Electronic check,75.5,5059.4,No
4046-UOOD,Male,0,No,Yes,66,Yes,Yes,Fiber optic,No,No,Yes,No,Yes,Yes,Month-to-month,Yes,Bank transfer (automatic),117.12,7732.15,No
8647-WWFX,Female,0,Yes,Yes,54,Yes,Yes,No,No internet service,No internet service,No internet service,No internet service,No internet service,No internet service,One year,No,Mailed check,37.21,2009.78,No
4940-TLAH,Female,0,No,No,14,Yes,Yes,DSL,No,No,Yes,No,Yes,No,Month-to-month,No,Credit card (automatic),81.9,1146.85,No
9960-EVFU,Female,1,Yes,No,61,Yes,Yes,Fiber optic,No,No,No,Yes,Yes,No,Month-to-month,Yes,Electronic check,114.02,6952.96,No
9799-COEX,male,1,No,No,15,No,No phone service,DSL,Yes,No,No,Yes,No,Yes,One year,Yes,Electronic check,64.53,967.81,Yes
2837-RPFY,Female,0,No,No,54,Yes,No,DSL,Yes,No,No,No,Yes,Yes,Month-to-month,No,Bank transfer (automatic),80.83,4363.95,No
3103-NXHG,Female,0,No,No,50,Yes,Yes,DSL,Yes,Yes,No,No,Yes,No,Month-to-month,Yes,Bank transfer (automatic),83.84,4194.55,No
5172-FRBH,female,0,No,No,55,Yes,No,Fiber optic,No,Yes,Yes,No,No,Yes,Two year,No,Mailed check,110.17,6057.0,No
3378-AVFP,Male,0,No,Yes,39,Yes,No,DSL,No,Yes,No,No,No,No,Month-to-month,Yes,Bank transfer (automatic),74.05,2890.32,No
9490-JCMC,Female,0,No,No,46,Yes,Yes,Fiber optic,Yes,Yes,Yes,No,No,Yes,One year,Yes,Mailed check,119.27,5490.49,No
7396-MQCT,Female,0,No,No,69,Yes,Yes,DSL,No,No,No,Yes,Yes,Yes,One year,Yes,Bank transfer (automatic),82.54,5696.32,No
3964-SVKP,Female,0,No,No,7,Yes,No,DSL,No,No,No,No,No,Yes,Two year,Yes,Electronic check,63.28,442.2,No
7644-CVFN,Male,0,Yes,No,22,Yes,No,DSL,Yes,No,Yes,No,No,No,One year,Yes,Mailed check,79.32,1744.21,No
1919-RQDW,Female,0,Yes,No,44,Yes,Yes,No,No internet service,No internet service,No internet service,No internet service,No internet service,No internet service,Month-to-month,Yes,Electronic check,37.89,1667.22,No
4839-KCCP,Female,0,No,No,70,Yes,Yes,Fiber optic,Yes,Yes,Yes,No,Yes,Yes,Month-to-month,No,Electronic check,126.67,8865.03,No
5804-UJSY,Male,0,No,Yes,7,Yes,No,No,No internet service,No internet service,No internet service,No internet service,No internet service,No internet service,Two year,No,Electronic check,32.61,228.28,No
1067-SKBJ,male,0,Yes,No,1,Yes,Yes,Fiber optic,Yes,No,No,No,No,No,Month-to-month,Yes,Electronic check,99.1,99.1,Yes
1572-KYTP,Male,0,Yes,No,4,Yes,No,DSL,Yes,Yes,No,No,Yes,Yes,One year,Yes,Credit card (automatic),86.43,344.37,No
3258-WXKN,Male,0,No,Yes,4,Yes,No,Fiber optic,No,Yes,No,Yes,Yes,Yes,Two year,Yes,Electronic check,114.57,460.11,No
7838-EESU,Male,1,No,No,66,Yes,Yes,DSL,No,No,Yes,No,Yes,Yes,One year,No,Electronic check,90.02,5938.27,No
3827-RDVQ,female,0,No,No,52,Yes,Yes,Fiber optic,No,Yes,No,No,No,No,Month-to-month,Yes,Credit card (automatic),109.47,5696.3,No
3217-TFYN,Female,0,No,No,49,Yes,Yes,DSL,No,Yes,No,Yes,No,Yes,Month-to-month,Yes,Mailed check,85.39,4184.5,No
5383-KRWV,Female,0,No,Yes,38,Yes,No,DSL,No,No,No,No,No,Yes,Month-to-month,Yes,Mailed check,67.54,2569.02,Yes
8031-WKUL,Female,1,No,No,57,Yes,Yes,Fiber optic,No,Yes,Yes,No,No,No,Month-to-month,No,Mailed check,109.74,6257.29,No
4716-WIYI,Male,0,No,Yes,11,Yes,Yes,Fiber optic,No,No,Yes,No,No,No,Two year,Yes,Mailed check,110.37,1210.11,No
3505-VSAG,Male,0,No,Yes,28,Yes,No,No,No internet service,No internet service,No internet service,No internet service,No internet service,No internet service,One year,No,Electronic check,31.17,872.2,No
8427-AOHL,Female,1,No,Yes,35,Yes,Yes,Fiber optic,No,Yes,No,Yes,No,Yes,One year,No,Electronic check,114.52,4007.11,No
8086-QNNR,Male,0,Yes,No,8,Yes,No,Fiber optic,No,No,Yes,No,Yes,Yes,Month-to-month,Yes,Credit card (automatic),118.63,947.46,Yes
5529-PAWK,Male,1,Yes,Yes,30,Yes,No,DSL,Yes,No,Yes,No,No,No,Month-to-month,Yes,Electronic check,75.86,2279.18,Yes
1206-LHVT,Male,1,No,No,23,Yes,No,No,No internet service,No internet service,No internet service,No internet service,No internet service,No internet service,Month-to-month,Yes,Electronic check,30.9,710.77,No
8389-FCXM,Male,1,Yes,Yes,2,Yes,No,Fiber optic,No,No,Yes,No,Yes,No,Month-to-month,Yes,Bank transfer (automatic),110.21,221.16,Yes
4020-BEQF,Female,0,Yes,No,10,Yes,No,Fiber optic,No,Yes,No,No,Yes,No,Month-to-month,Yes,Mailed check,106.88,1064.41,No
4875-VKHL,Male,0,No,No,55,Yes,Yes,DSL,Yes,No,No,No,No,No,Month-to-month,Yes,Mailed check,69.7,3835.83,No
7055-KVTH,Male,0,No,No,1,Yes,Yes,Fiber optic,No,No,No,No,No,No,Month-to-month,No,Credit card (automatic),101.0,101.0,Yes
